Englisch,Deutsch
1 foot,1 Fuß
1 inch,1 Zoll
1 mile,1 Meile
62 44 2,62 44 3
713,719
A = Acceptable,A = Annehmbar
A Compendium of Common Curses and Their Counter-Actions,Ein Handbuch gängiger Flüche und Gegenflüche
A Study of Recent Developments in Wizardry,Jüngere Entwicklung der Zauberei
"Abbott, Hannah","Abbott, Hannah"
"Abercrombie, Euan","Abercrombie, Euan"
Aberdeen,Aberdeen
Abergaverny,Abergaverny
Abraxan Horse,"Abraxaner, Abraxas-Pferd"
Abstinence,Abstinenz
Abyssinian shrivelfig,Abessinische Schrumpelfeige
"Acanthia Way 18, Little Norton","Bärenklauweg 18, Little Norton"
Accidental Magic Reversal Department,Abteilung für die Umkehr verunglückter Zauberei
Accidental Magic Reversal Squad,Kommando für die Umkehr verunglückter Magie
Accio,Accio
Achievement in Charming,Große Errungenschaften der Zauberkunst
Acid Pops,Säuredrops
"Ackerly, Stewart","Ackerly, Stewart"
aconite/monkshood/wolfsbane,Aconitum/Eisenhut/Wolfswurz
Acromantula,Acromantula
Acromantula venom,Acromantula-Gift
Advanced Potion Making by Libatius Borage,Zaubertränke für Fortgeschrittene von Libatius Borage
Advanced Rune Translation,Runenübersetzung für Fortgeschrittene
"Adventures of Martin Miggs, the Mad Muggle","Abenteuer von Martin Miggs, dem mickrigen Muggel"
"Aesalon, Falco",
Aethon,Aethon
Africa,Afrika
Age,Alter
Age Line,Alterslinie
Ageing potion,Alterungstrank
Agnes,Agnes
"Agrippa, Cornelius","Agrippa, Cornelius"
Aguamenti,Aguamenti
Aguamenti Charm,Aguamenti-Zauber
Aingingein,Aingingein
Alarte Ascendare,Volate Ascendare
Albania,Albanien
Alchemy,Alchemie
"Alderton, Archibald",
Alecto,Alecto
"Alguff, the Awful",
Alice Band,Haarreif
Alihotsy,Alihotsy
All-England Best Kept Suburban Lawn Competition,Bestgepflegter-Vorstadtrasen- von-ganz-England-Wettbewerb
Alohomora,Alohomora
America,Amerika
Amortentia,Amortentia
Amuletts,Amulette
Amycus,Amycus
Anapneo,Anapneo
Ancient Magic,uralte Magie
Ancient Runes,Alte Runen
Ancient Runes Made Easy,Alte Runen leicht gemacht
Andorran Minister for Magic,Andorranischer Zaubereiminister
Andros the Invincible,
Anglesea,Anglesea
Animagus,Animagus
Annual broom race,Jährliches Besenrennen
An Anthology of Eighteenth Century Charms,Eine Anthologie der Zauberei des achtzehnten Jahrhunderts
Anti-Burglar Buzzer,Diebstahlschutzsummer
Anti-Cheating Spell,"Zauberspruch gegen Schummeln, Anti-Schummel-Zauber"
Anti-Disapparation Jinx,Antidisapparier-Fluch
Antidotes,Gegengifte
Anti-Gravity mist,Antischwerkraft Nebel
Anti-intruder jinx,Anti-Eindringlings-Fluch
Anti-Jinx Varnish,Anti-Fluch-Lackierung
Anti-Muggle Security,Muggelabwehr
Antipodean Opaleye,Antipodisches Opalauge
Anti-werewolf legislation,Anti-Werwolf-Gesetz
Aparecium,Aparecium
Apothecary,Apotheke
"Apparation Test Center, Ministy Apparition Instructor",Appariertestzentrum
"Apparition, Apparation, Disapparition","Apparieren, Disapparieren"
Apparition Instructor,Apparierlehrer
Apparition lessons,Apparierkurs
Apparation test / Apparition test,Prüfung im Apparieren
Appleby Arrows,Appleby Arrows
Appraisal of Magical Education in Europe,Handbuch der europäischen Magierausbildung
Aquavirius Maggots,Aquaviriusmaden
Aragog,Aragog
Arania Exumai,Arania Exumai
Archie,Archie
Archway,Steinbogen
arithmancy,Arithmantik
armadillo bile,Gürteltiergalle
Armenian Warlock,Armenischer Zauberer
Armour bewitching Charm,Rüstung Zauber
Arnold,Arnold
Arresto Momentum,Arresto Momentum
Artefact Accidents,Utensilien-Unglücke
Ash,Esche
Ashwinder,Aschwinderin
Ashwinder eggs,Aschwindereier
Asia,Asien
Asiatic Anti-Venoms,Asiatische Antidote
asphodel,Affodill
Assyria,Assyrien
Astrology,Astrologie
Astronomy,Astronomie
Astronomy Tower,Astronomieturm
Atrium,Atrium
"Aubrey, Bertram","Aubrey, Bertram"
Augurey,Augurey
Auror,Auror
Auror Headquaters,Aurorenzentrale
Auror Office,Aurorenbüro
Australia,Australien
Auto-Answer Quills,Selbstantwortende Federn
Avada Kedavra,Avada Kedavra
Avery,Avery
"Avery, Senior","Avery, Senior"
Avis,Avis
Axminster,Perser
Azkaban Fortress,Askaban Festung
Babbling Beverage,Plappertrank
Backfiring Jinx,Bumerang-Fluch
badger,Dachs
"Badock, Malcom","Badock, Malcom"
"Bagman, Ludo(vic)","Bagman, Ludo(vic)"
"Bagman, Otto","Bagman, Otto"
"Bagnold, Millicent","Bagnold, Millicent"
"Bagshot, Bathilda","Bagshot, Bathilda"
balaclava,Kapuzenmütze
Balderdash,Quatsch
Bane,Bane
Banishing Charm,Banishing Charm
Banshee,Todesfee
Barn owl,Schleiereule
Barnabas the Barmy,Barnabas der Bekloppte
Barny,
Baruffio,Baruffio
Baruffio's Brain Elixir,Baruffios Gehirnelixier
"Bashir, AliTeppichhändler","Bashir, AliTeppichhändler"
Basic Blaze Box,Vorhölle Sparbox
Basic Hexes for the Busy and Vexed,Zaubern für Dummies
Basilisk,Basilisk
Bat-Bogey Hex,Flederwichtfluch
Baubles,Flitterkram
"Bayliss, Hetty","Bayliss, Hetty"
Beater,Treiber
"Beaters' Bible, The by Brutus Scrimgeour",
Beauxbatons,Beauxbatons
"Beginner's Guide to Transfiguration, A by Emeric Switch",Verwandlungen für Anfänger - Emeric Wendel
Being and Spirit Division,Sein- und Geist-trennung
"Belby, Damocles","Belby, Damocles"
"Belby, Marcus","Belby, Marcus"
"Belcher, Humphrey","Belcher, Humphrey"
"Bell, Katie","Bell, Katie"
Bella,Bella
belladonna,belladonna
"belladonna, essense of",Belladonna Essenz
"Benson, Amy","Benson, Amy"
berserk,Berserker
Bertie Bott's Every-Flavour Beans,Bertie Botts Bohnen in allen Geschmacksrichtungen
Bethnal Green,
Bewitched Sleep,Verzauberter Schlaf
bezoar,Bezoar
Bibble,Bibble
bicorn horn,Zweihornhorn
"Bilius, Uncle","Bilius, Onkel"
Billywig,
Binding/Fastening Magic,Fesselzauber
"Binns, Professor","Binns, Professor Geist"
"Bishop, Dennis","Bishop, Dennis"
Bites,Bisse
black beetle eyes,schwarze Käfer Augen
"Black, ???","Black, ???"
"Black, Alphard","Black, Alphard"
"Black, Andromeda","Black, Andromeda"
"Black, Araminta Meliflua","Black, Araminta Meliflua"
"Black, Bellatrix","Black, Bellatrix"
"Black, Elladora","Black, Elladora"
"Black, Mrs.","Black, Mrs."
"Black, Narcissa, married Malfoy","Black, Narcissa, verheiratete Malfoy"
"Black, Phineas Nigellus","Black, Phineas Nigellus"
"Black, Regulus","Black, Regulus"
"Black, Sirius","Black, Sirius/Schwarz, Sirius"
Blast-Ended Skrewts,Knallrümpfige Kröter
Blasting Curse,
"Bletchley, Miles","Bletchley, Miles"
Blibbering Humdinger,Schlibbrige Summlinger
Blitzisten(Polizisten),please-men(Policemen)
Blood Blisterpod,Blutblasenschote
Blood Brothers: My Life amongst the Vampires by Eldred Worple,Blutsbrüder: Mein Leben unter Vampiren von Eldred Worple
Blooder,
Blood-Replenishing Potion,Blut bildender Trank
Bloodtraitor,Blutsverräter
Bloody Baron,blutige Baron
Bludger,Klatscher
Bluebell flames,Blaue Flammen
Bluebottle,Bulle
boa constrictor,Boa Constrictor
"Boardman, Stubby","Boardman, Stubby"
"Bobbin, Melinda","Bobbin, Melinda"
Bode and Croaker,Bode und Croaker
"Bode, Broderick","Bode, Broderick"
Body-Bind Curse,Ganzkörperklammer
bogey,Popel/Bogey
Boggart,Irrwicht
Boggart banishing Charm,
boil cure potion,Trank zur Heilung von Furunkeln
Bole,Furunkeln
"Bonaccord, Pierre","Bonaccord, Pierre"
Bonder,einer der den unbrechbaren Schwur besiegelt
"Bones, Amelia Susan","Bones, Amelia Susan"
"Bones, Edgar","Bones, Edgar"
"Bones, Familie",Bones
"Bones, Susan","Bones, Susan"
boomslang,Baumschlange
boomslang skin,Baumschlangenhaut
"Boot, Terry","Boot, Terry"
"Boothby, Gladys",
"Borage, Libatius","Borage, Libatius"
Borgin & Burkes,Borgin und Burkes
"Borgin, Mr","Borgin, Mr"
"Bott, Bertie",Bertie Bott
bouncing bulbs,Springende Knollen
Bowtruckle,Bowtruckle
Boxing Day,Tag nach den Weihnachtsfeiertagen
Bozo,Bozo
Bradley,Bradley
"Bragge, Barberus",
Braking Charm,Bremszauber
"Branstone, Eleanor","Branstone, Eleanor"
Break With a Banshee,Tanz mit einer Todesfee - Gilderoy Lockhart
Brockdale Bridge,Brockdale-Brücke
"Brocklehurst, Mandy","Brocklehurst, Mandy"
Broken Balls: When Fortunes Turn Foul,Zerbrochene Träume: Wenn sich das Schicksal wendet
"Brookstanton, Rupert ""Axebanger""","Brookstanton, Rupert ""Axebanger"""
broom crashes,Besen-Zusammenstöße
Broom Regulatory Control,Besenregulationskontrollamt
Brown owl,Steinkauz
"Brown, Lavender","Brown, Lavender"
bruise-remover,Blutergussbeseitiger
"Bryce, Frank","Bryce, Frank"
Bubble-Head Charm,Kopfblasenzauber
Bubbles,Kugeln
bubotuber,Bubotubler Eiter
Buckbeak,Seidenschnabel
Budleigh Babberton,Budleigh Babberton
Buggins,Buggins
Bulbadox powder,Pustelpuder
Bulgarian Quidditch Team,Bulgarisches Quidditchteam
"Bulstrode, Millicent","Bulstrode, Millicent"
Bundimun,
"Bungs, Rosalind Antigone","Bungs, Rosalind Antigone"
Bungy the Budgerigar,Wallly der Wellensittich
"Burke, Caractacus","Burke, Caractacus"
Burkes,Burkes
burn-healing paste,Heilpaste für Verbrennungen
burns,Verbrennungen
Burrow,Fuchsbau
Butterbeer,Butterbier
cabbage,Kohl
"Cadogan, Sir","Cadogan, Sir"
Cadwallader,Cadwallader
Calming Draught,Beruhigungstrank
Canary Transfiguration,Kanarienvogel-Verwandlung
Candle Magic,magische Kerzen
Caput Draconis,Caput Draconis
Care of Magical Creatures,Pflege magischer Geschöpfe
Caretaker,Hausmeister
"Carmichael, Eddie","Carmichael, Eddie"
"Carrows, the","Carrows, die"
cartomancy,Kartomantie
Cartwheel Charm,
Cassandra Vablatsky,Kassandra Wablatschki/ Cassandra Vablatsky
caterpillars,Raupen
"Catriona, Meaghan & Kirley McCormack",
cauldron explosion,Kesselexplosion
"Cauldwell, Owen","Cauldwell, Owen"
Cecilia,Cecilia
Centaur,Zentaur
Centaur Liaison Office (FB),
Chambers,Chambers
"Chang, Cho","Chang, Cho"
Charing Cross Road,Charing Cross Road
Charm Your Own Cheese,So zaubern Sie Ihren eigenen Käse
Charms,Zaubersprüche
Cheering Charm,Aufheiterungszauber/Aufmunterungszauber
Chimaera,Chimära
Chizpurfle,Kitzpurfel
Choclate Cauldrons,Schokokessel
"Chorley, Herbert","Chorley, Herbert"
Chudley Cannons,Chudley Cannons
Circe,Zirce
Cissy,Zissy
Clabbert,Klabbert
Clapham,Clapham
"cleaning solutions, magical",Magische Reinigungsmittel
Cleansweep,Sauberwisch
Cleansweep 11,Sauberwisch 11
Cleansweep 7,Sauberwisch 7
"Clearwater, Penelope","Clearwater, Penelope"
Cliodna,Cliodna
cods wallop,Stuss
"Cole, Mrs","Cole, Mrs"
Colloportus,Colloportus
Colonel Fubster,Oberst Stumper
Colour Change Charm,Farbwechselzauber
Colour-Change Ink,Farbwechseltinte
Come and Go Room,Da-und-fort-Raum
Comet Two Ninety,Komet Zwei-Neunzig
Comet Two Sixty,Komet Zwei-Sechzig
Commitee of the Disposal of Dangerous Creatures,Ausschuss für die Beseitigung gefährlicher Geschöpfe
Commitee on Experimental Charms,Arbeitsgruppe für Experimentelles Zaubern
Common Magical Ailments and Afflictions,Magische Hauskrankheiten und Gebrechen
Common Welsh Green,Gemeiner Walisischer Grünling
Compendium of Common Curses and Counter-Actions,
Concealment and Disguise,Tarnung und Maskierung
Confronting the Faceless,Im Angesicht des Gesichtslosen
Confundus Charm,Verwechlsungszauber
Confusing Concoction,Verwirrungs-Elixier
Conjunctivitus Curse,"Bindehautentzündungsfluch, Konjunktivitis Fluch"
Conjuring Spell,Beschwörungszauber
Connolly,Connolly
contagious maladies,ansteckende Krankheiten
"Coote, Ritchie","Coote, Ritchie"
"Corner, Michael","Corner, Michael"
"Cornfoot, Stephen",
Counter-Charm for hiccoughs,Gegenzauber für Schluckauf
Course of Shock Spells,Schockzaubertherapie
Courtrooms,Gerichtsräume
Crabbe senior,Crabbe senior
"Crabbe, Vincent","Crabbe, Vincent"
"Cragg, Elfrida","Cragg, Elfrida"
Creaothceann,
Creature-Induced Injuries,Verletzungen durch Tierwesen
"Creevey, Colin","Creevey, Colin"
"Creevey, Colin & Dennis","Creevey, Colin & Dennis"
"Creevey, Dennis","Creevey, Dennis"
"Cresswell, Dirk","Cresswell, Dirk"
Croaker,Croaker
"Crockford, Doris","Crockford, Doris"
Crookshanks,Krummbein
"Crouch, Bartemius (senior)","Crouch, Bartemius (senior)"
"Crouch, Barty(junior)","Crouch, Barty(junior)"
Cruciatus Curse,Cruciatus Fluch
Crucio,Crucio
Crumple-Horned Snorkack,Schrumpfhörnige Schnarchkackler
Crup,Crup
crystallised pineapple,kandierte Ananas
"Cuffe, Barnabas","Cuffe, Barnabas"
"cup, small golden","Becher, kleiner goldener"
Curse of the Bogies,Fluch der Popel
"Curses and Counter-curses (Bewitch Your Friends and Befuddle Your Enemies
with the Latest Revenges: Hair Loss, Jelly-Legs, Tongue-Tying, and Much, 
Much More)",Flüche und Gegenflüche - Professor Vindictus Viridian
D = Dreadful,S = Schrecklich
DA (Dumbledore's Army),DA (Dumbledores Armee)
DA = Dumbledore's Army,DA = Dumbledores Armee
DADA (Defence Against the Dark Arts),VgdK (Verteidigung gegen die Dunklen Künste)
"daffodil, honking",ätzende Narzisse
"Dagworth-Granger, Hector","Dagworth-Granger, Hector"
Dai Llewellyn,Dai Llewellyn
Daily Prophet,Tagesprophet
daisy,Gänseblümchen
daisy roots,Gänseblümchenwurzeln
Dangerous Dai Lleywellyn Ward: Serious Bites,Dangerous-Dai-Lleywellyn Station: Serious Bites
"Dark Forces: A Guide to Self-Protection, The by Quentin Trimble",Dunkle Kräfte. Ein Kurs zur Selbstverteidigung - Quirin Sumo
Dark Lord,Dunkler Lord
"Davies, Roger","Davies, Roger"
"Davis, Tracey",
Dawlish,Dawlish
"de Mimsy-Porpington, Sir Nicholas","De Mimsy-Porpington, Sir Nicholas , Fast Kopfloser Nick"
"Dearborn, Caradoc","Dearborn, Caradoc"
Death Eaters,Todesser
Death Omens: What To Do When You Know The Worst Is Coming,"Omen des Todes- Was tun, wenn Sie wissen, dass das Schlimmste bevorsteht"
Deatheater,Todesser
Decoy Detonators,Bluffknaller
Decree for the Reasonable Restriction of Underage Sorcery,Erlass zur vernunftgemäßen Beschränkung der Zauberei Minderjähriger
Defense Against the Dark Arts,Verteidigung gegen die dunklen Künste
"Defensive Magical Theory, by Wilbert Slinkhard",Theorie magischer Verteidigung -Wilbert Slinkhard
Defensive Spells,Defensivzauber
Deflagration Deluxe,Inferno de Luxe
Deflating Draft,Abschwelltrank
Deflecting Charm,Ablenkzauber
"Delacour, Fleur","Delacour, Fleur"
"Delacour, Gabrielle","Delacour, Gabrielle"
"Delaney-Podmore, Sir Patrick","Delaney-Podmore, Sir Patrick"
"Delaney-Podmore, Sir Patrick","Delaney-Podmore, Sir Patrick"
Deletrius,Deletrius
Deluxe Sugar Quills,Zuckerfederkiele de Luxe
Dementor,Dementor
Demiguise,
Dennis,Dennis
Densaugeo,Densaugeo
Department,Abteilung
Department of International Magical Co-operation,Abteilung für Internationale Magische Zusammenarbeit
Department of Magical Accidents and Catastrophes,Abteilung für Magische Unfälle und Katastrophen
Department of Magical Games and Sports,Abteilung für magische Spiele und Sportarten
Department of Magical Law Enforcement,Abteilung für magische Strafverfolgung
Department of Magical Transportation,Abteilung für magisches Transportwesen
"Department of Mysteries /""Unspeakables""","Mysteriumsabteilung/""Unsägliche"""
Department of the Regulation and Control of Magical Creatures,Abteilung zur Führung und Aufsicht magischer Geschöpfe
Deputy Headmaster/Headmistress,Stellvertretende(r) Schulleiter(in)
Derrick,Derrick
Dervish & Banges,Dervish & Banges
"Derwent, Dilys","Derwent, Dilys"
"Destination, Determination, Deliberation (the three D's)","Ziel, Wille, Bedacht (Goldene Dreierregel)"
Detachable Cribbing Cuffs,abnehmbare Spickmanschetten
Devil's Snare,Teufelsschlinge
Diagon Alley,Winkelgasse
Diary,Tagebuch/Taschenkalender
Diffindo,Diffindo
"Diggle, Dedalus","Diggle, Dädalus"
"Diggory, Amos","Diggory, Amos"
"Diggory, Cedric","Diggory, Cedric"
"Diggory, Cedric & Amos","Diggory, Cedric & Amos"
Dilligrout,Krönungsmahl
"Dingle, Harold","Dingle, Harold"
"Dippet, Armando","Dippet, Armando"
"Dippet, Armando, Professor","Dippet, Armando, Professor"
Diricawl,
Disarming Charm,Entwaffnungszauber
Disillusion,Desillusionieren
Disillusionment Charm,Desillusionierungszauber
Dismembers,Demontoren/Dementöre
Dissendium,Dissendium
dittany,Diptam
Divinations,Wahrsagen
Dobby,Dobby
Dodgy Dirk,
Dog-breath,Misthund
"Doge, Elphias","Doge, Elphias"
"Dolohov, Antonin","Dolohow, Antonin"
Don't count your owls before they are delivered,Du sollst den Tag nicht vor der letzten Eule loben
Doxy,Doxy
Doxycide,Doxyzid
Dr. Ubbly's Oblivious Unction,Dr. Salbaders amnesische Salbe
Draco dormiens nunquam titillandus,Draco dormiens nunquam titillandus
Dragon,Drachen
Dragon blood,Drachenblut
Dragon Breeding for Pleasure and Profit,Drachenzucht für Haus und Hof
Dragon Dung,Drachenmist
"dragon hide, blood, heart, liver, horn, claw","Drachenhaut, -blut, -herz, -leber, -horn, -klaue"
Dragon Pox,Drachenpocken
Dragon Research and Restraint Bureau,
Dragon Species of Great Britain and Ireland,Drachenarten Großbritanniens und Irlands
Draught of Living Death,Sud des lebenden Todes
Draught of Peace,Trunk des Friedens
Dreadful Denizens of the Deep,Grausige Wesen der Tiefe
Drear,
Drooble's Best Blowing Gum,Druhbels Bester Blaskaugummi
Dugbog,Sumpfkrattler
Dumberton,Dumberton
"Dumbledore, Aberforth","Dumbledore, Aberforth"
Dumbledore's watch,Dumbledores Uhr
Dumby,Dumby
Dunderbore,Dunderbore
Dung,Dung
Dung-head,Dreikäsehoch
Durmstrang,Durmstrang
Dursley,Dursley
"Dursley, Dudley","Dursley, Dudley"
"Dursley, Marge (Marjorie)","Dursley, Marge/Magda (Magdalene)"
"Dursley, Petunia","Dursley, Petunia"
"Dursley, Vernon","Dursley, Vernon"
"Dursley, Vernon, Petunia & Dudley","Dursley, Vernon, Petunia & Dudley"
"Dursley, Vernon, Petunia, Dudley Marjorie","Dursley, Vernon, Petunia, Dudley Marjorie"
E = Exceeds Expectation,E = Erwartungen übertroffen
Eagle owl,Uhu
Eat slugs,Friss Schnecken!
eckeltricity(statt Electricity),Ekelzität (Elektrizität)
Eclectic fire,Eklektisches Feuer
eclectic fireescapator,Trolltreppen
"Edgecombe, Madam","Edgecombe, Madam"
"Edgecombe, Marietta","Edgecombe, Marietta"
Edible Dark Marks,Essbare Dunkle Male
Educational Decree 22,Ausbildungserlass 22
Educational Decree 23,Ausbildungserlass 23
Educational Decree 24,Ausbildungserlass 24
Educational Decree 25,Ausbildungserlass 25
Educational Decree 26,Ausbildungserlass 26
Educational Decree 27,Ausbildungserlass 27
Educational Decree 28,Ausbildungserlass 28
Educational Decree 29,Ausbildungserlass 29
Eeylops Owl Emporium,Eeylops Eulenimperium
Elfen,Elfen
Elfric the Eager,Elfrich der Eifrige
Elixer of Life,Lebenselixier
Elixir to Induce Euphoria,Euphorie-Elixier
embedded spines,eingewachsene Stachel
Emeric Switch,Emeric Wendel
Emeric the Evil,Emerich der Böse
Enchantment in Baking,Magie beim Backen
Encyclopedia of Toadstools,Enzyklopädie der Giftpilze
Enervate,Enervate
Engorgement Charm,Schwellzauber
Engorgio,Engorgio
Entrail-Expelling Curse,
"Entwhistle, Kevin",
Episkey,Episkey
Erised,Nerhegeb
Erkling,
Errol,Errol
Erumpent,
escapator(statt escalator),Trolltreppen(statt Rolltreppen)
Escapators,Trolltreppen
Essence of Insanity,
Essence of Rue,Tonikum für die Nerven
Evanesco,Evanesco
"Evans, Lilly","Evans, Lilly"
"Evans, Mark","Evans, Mark"
"Evans, Petunia","Evans, Petunia"
Evening Prophet,Abendprophet
Everard,Everard
Everlasting Elixirs,
Expecto Patronum,Expecto Patronum
Expelliarmus,Expelliarmus
Exploding Fluid,Vergesslichkeitstrank
Exploding Snap,"Snape explodiert, Zauberschnippschnapp"
Extendable Ears,Langziehohren
Fainting Fancies,Kollapskekse
Fairy,Fee
Fairy eggs,Feeneier
"Fang, the boarhound","Fang, der Saurüde"
Fanged Frisbees,Fangzähnige Frisbees
Fanged Geranium,Fangzähnige Geranie
Fantastic Beasts and Where to Find Them by Newt Scamander,"Sagentiere/Phantastische Tierwesen und wo sie zu finden sind - Lurch
Scamander"
Fat Friar,Fetter Mönch
Fawcett,Fawcett
"Fawcett, S.","Fawcett, S."
"Fawkes, the phoenix","Fawkes, der Phönix"
Felix Felices,Felix Felices
felly-tone(statt telephone),Feleton(Telefon)
"Fenwick, Benjy","Fenwick, Benjy"
Fergus,
Ferula,Ferula
Fever Fudge,Fieberfondant
Fidelius Charm,Fidelius-Zauber
"Figg, Arabella Doreen","Figg, Arabella Doreen"
"Filch, Argus","Filch, Argus"
Filibuster,Filibuster
"Filibuster, Dr.","Filibuster, Dr."
"Finch-Fletchley, Justin","Finch-Fletchley, Justin"
Finite,Finite
Finite Incantatem,Finite Incantatem
"Finnigan, Seamus","Finnigan, Seamus"
Fire Crab,Feuerkrabbe
Fire Salamander,Feuersalamander
Firebolt,Feuerblitz
firelegs,Beinfeuerwaffen
firelegs(firearms),Beinfeuerwaffen(Handfeuerwaffen)
Firenze,Firenze
Firewhiskey,Feuerwhiskey
Firewhisky,Feuerwhisky
Fizzing Whizzbee,Zischende Zauberdrops
Flagrate,Flagrate
"Flamel, Nicholas","Flamel, Nicholas"
"Flamel, Nicolas","Flamel, Nicolas"
"Flamel, Nicolas and Perenelle","Flamel, Nicolas and Perenelle"
"Flamel, Perenelle","Flamel, Perenelle"
"Fleet, Angus","Fleet, Angus"
Flesh-Eating Trees of the World,Fleisch fressende Bäume der Welt
"Fletcher, Mundungus","Fletcher, Mundungus"
Flibbertigibbet,Amontillado
"Flint, Marcus","Flint, Marcus"
Flitterbloom,Flitterblume
"Flitwick, Filius, Professor","Flitwick, Professor"
Flobberworm,Flubberwürmer
Floo powder,Floh-Pulver
Flourish & Blotts,Flourish und Blotts
Fluffy,Fluffy
"Flume, Ambrosius","Flume, Ambrosius"
Flutterby Bush,Blühender Busch
fluxweed,Flussgras
Flying Charm,Fliegezauber
Flying With the Cannons,Fliegen mit den Cannons
Foe-Glass,Feindglas
Forbidden Forrest,Verbotener Wald
Forgetfulness Potion,Vergesslichkeitstrank
Fortescue,Fortescue
"Fortescue, Florean","Fortescue, Florean"
Fortuna Major,Fortuna Major
Fountain of Magical Brethren,Brunnen der magischen Geschwister
Four-Point Spell,VierPunkteZauber
Fowl or Foul? A Study of Hippogriff Brutality (PA15),Tollheit oder Tollwut? Die Übergriffe von Hippogreifen
Fridwulfa,Fridwulfa
Friedwulfa,Friedwulfa
"Frobisher, Vicky","Frobisher, Vicky"
frog brains,Froschgehirn
"From Egg to Inferno, A Dragon Keeper's Guide",Vom Ei zum Inferno: Ein Handbuch für Drachenhalter
"Fubster, Colonel","Stumper, Oberst"
"Fudge, Cornelius Oswald","Fudge, Cornelius Oswald"
Furnunculus Curse,Furnunculusfluch
Fwooper,Fwuper
Gadding With Ghouls,Gammeln mit Ghulen - Gilderoy Lockhart
Galleon,Galleone
Gambol & Japes,Freud & Leid
Gargoyle,Wasserspeier
Garroting Gas,Garottengas
"Gaunt, Marvolo","Gaunt, Vorlost"
"Gaunt, Merope","Gaunt, Merope"
"Gaunt, Morfin","Gaunt, Morfin"
Ghosts,Geister
Ghoul,Ghul
Giants,Riesen
Gibbon,Gibbon
Gilbert Wimple,Wilbert Gimpel
"Gilderoy Lockhart's Guide to Household Pests by Gilderoy Lockhart (CS3, OP6)",Gilderoy Lockharts Ratgeber für Schädlinge in Haus und Hof (Bd.2)
Gillywater,Goldlackwasser
Gillyweed,Dianthuskraut
ginger,Ingwer
Gladrags Wizardwear,Besenknechts Sonntagsstaat
Glumbumble,Glumbumble
Gnoms,Gnome
Gobbledegook,Beamtenchinesisch
Goblin,Kobold
Goblin Liason Office,Koboldverbindungsbüro
Gobstone,Koboldstein
Gobstone Club,Koboldstein Klub
"God Rest Ye, Merry Hippogriffs",
Godric's Hollow,Godric's Hollow
"Goldstein, Anthony","Goldstein, Anthony"
Golgomath,Golgomath
Golpalott's Third Law,Golpalotts Drittes Gesetz
Goodwin Kneen,
Gordon,Gordon
"Goshawk, Miranda","Habicht, Miranda"
Goyle senior,Goyle senior
"Goyle, Gregory","Goyle, Gregory"
Grades/Marks,Noten
"Granger, Hermione Jane","Granger, Hermione Jane"
"Granger, Mrs. and Mr.","Granger, Mrs. und Mr."
Granian Horses,
Grawp(y),Grawp(y)
Great Hangleton,Great Hangleton
Great Wizarding Events of the Twentieth Century,"Große Chronik der Zauberei des zwanzigsten Jahrhunderts - Buch, in dem
etwas über Harry steht (Bd.1)"
Great Wizards of the Twentieth Century,Große Zauberer des zwanzigsten Jahrhundert
"Greengrass, Daphne","Greengrass, Daphne"
Gregorovitch,Gregorowitsch
Gregory the Smarmy,Gregor der Kriecher
Grenouille und Crapaud,
Grey Lady,Graue Dame
"Greyback, Fenrir","Greyback, Fenrir"
Griffin,Greif/Löwe
Grim,Grim
Grimmauld Place,Grimmauldplatz
Grindelwald,Grindelwald
Grindylow,Grindeloh
Grindylows,Grindelohs
Gringotts,Gringotts
Griphook,Griphook
Growth Charm,Wachstumszauber
"Grubbly-Plank, Wilhelmina, Professor","Rauhe-Pritsche, Wilhelmina, Professor"
Grunnings,Grunnings
"Grunnion, Alberic","Grunnion, Alberich"
Gryffindor,Gryffindor
"Gryffindor, Godric","Gryffindor, Godric"
Gubraithian Fire,Gubraith-Feuer
"Gudgeon, Gladys & Davey","Gudgeon, Gladys & Davey"
"Gudgeon, Gladys(Lockhart-Fan)","Gudgeon, Gladys(Lockhart-Fan)"
Guide to Advanced Transfiguration (GF20),"Lehrbuch der Verwandlung für Fortgeschrittene - Schulbuch von Cedric
Diggory (Bd.4)"
Guide to Medieval Sorcery,Führer durch die mittelalterliche Hexenkunst
Gulping Plimpies,
Gurg,Gurg
Hag,"Sabberhexe, Vettel"
Hagger,Hagger
"Hagrid, Rubeus","Hagrid, Rubeus"
Hair-Raising Potion,Haarsträubetrank
Hair-Thickening Charm,
Half-Blood Prince,Halbblutprinz
Halfbreeds,Halbblüter
"Hallowe'en,Halloween",Halloween
Hand of Glory,Hand des Ruhmes
Handbook of Do-It-Yourself Broom Care,Do-it-yourself-Handbuch zur Besenpflege
Handbook of Hippogriff Psychology,Handbuch der Hippogreif-Psychologie
"Harkiss, Ciceron","Harkiss, Ciceron"
Harper,Harper
"Harris, Warty",
"Harris, Warty",Warzen-Harris
"He Flew Like a Madman (a biography of ""Dangerous"" Dai Llewellyn) by
Kennilworthy Whisp (QA)",
Headboy/Headgirl,Schulsprecher
Headless Hat,Kopfloser Hut
Headmaster/Headmistress,Schulleiter/in
Healer,Heiler
Hebridean Blacks,"schwarzer Hebride, Hebridischer Schwarzdrachen"
Hedwig,Hedwig
"Hélas, j'ai Transfiguré mes Pieds (Alas, I have Transfigured my Feet) a
play by a wizard named Malecrit (QA)",
Heliopaths,Heliopathen
hellebore,
"Hem, hem","Chrm, Chrm"
Heptomology,
Herbology,Kräuterkunde
Hermes,Hermes
Hermione's Homework Planner,Hermines Hausaufgabenplaner
Hermy,Hermy
Hiccoughing Solution,Schluckauflösung
"Higgs, Bertie","Higgs, Bertie"
"Higgs, Terence","Higgs, Terence"
High Inquisitor,Großinquisitorin
hinkypunks,Hinkepank
Hippocampus,
Hippogriff,Hippogreif
History of Magic,Geschichte der Zauberei
"History of Magic, A by Bathilda Bagshott",Geschichte der Zauberei - Bathilda Bagshot
Hog's Head,Eberkopf
Hogsmeade,Hogsmeade
Hogwarts,Hogwarts
Hogwarts Gobstone Team,Koboldsteinmannschaft von Hogwarts
"Hogwarts, A History",Geschichte von Hogwarts - Buch über die Geschichte Hogwarts (Bd.2)
Hokey,Hokey
Holidays With Hags,Ferien mit Vetteln - Gilderoy Lockhart
holly,Stechpalme
Holyhead Harpies,
"Home Life and Social Habits of British Muggles by Wilhelm Wigworthy (PA13,
FB)",Häusliches Leben und gesellschaftliche Sitten britischer Muggel
Homorphus Charm,Homorphus-Zauber
Honeydukes,Honigtopf
"Hooch, Rolanda Madam","Hooch, Rolanda Madam"
"Hooper, Geoffrey","Hooper, Geoffrey"
"Hopkins, Wayne",
"Hopkirk, Mafalda","Hopfkirch, Mafalda"
Horcrux(es),Horkrux(e)
Horklump,
hornbeam,Weißbuche
"Hornby, Olive","Hornby, Olive"
horned slugs,Wellhornschnecken
horned toads,gehörnte Kröten
Hospital Shop,Krankenhauskiosk
House elfes,Hauselfen
House of Gaunt,Haus der Gaunts
House-Elf Relocation Office,
Howler,Heuler
Hufflepuff,Hufflepuff
"Hufflepuff, Helga","Hufflepuff, Helga"
I solemnly swear that I'm up to no good,"Ich schwöre feierlich, dass ich ein Tunichtgut bin"
ickle,Klein-
"Ickle Diddykins, Popkin, Dinky Diddydums, Big D, Dud","putziger Duddywutz, Mäusebär, süßer Duddymatz, Big D, Dud"
"Imago, Inigo","Imago, Inigo"
Imp,
Impediment Jinx,Lähmzauber
Impedimenta,Impedimenta
Imperio,Imperio
Imperius Curse,Imperius Fluch
Imperturbable Charm,Imperturbatio-Zauber
Imperturbed,imperturbiert
Impervius,Impervius
Important Modern Magical Discoveries,Bedeutende Entdeckungen der modernen Zauberei
Improper Use of Magic Office,Abteilung für unbefugte Zauberei/Büro gegen den Missbrauch der Magie
Inanimatus Conjuring Spell,Inanimatus-Aufrufezauber
Incarcerous,Incarcerus
Incendio,Incendio
incorperating the International Magical Traiding Standards Body,Internationaler Magischer Handelsausschuss
incorporating Beast / Beast Division,Tierwesenbehörde
incorporating the British and Irish Quidditch League Headquaters,Zentrale der Britischen und Irischen Quidditch-Liga
incorporating the Floo Network Authority,Flohnetzwerkaufsicht
incorrectly applied charms,nicht korrekt angewandte Zauber
Inferi,Inferi
Ingolfr the Iambic,
Ingredients,Zutaten
Inquisitorial Squad,Inquisitionskommando
"Instant Darkness Powder, Peruvian",Instant Finsternispulver
Intermediate Transfiguration (PA4),Verwandlung: Die Zwischenstufen - Schulbuch von Harry im 3. Jahr (Bd.3)
International Confederation of Wizards,Internationale Zauberervereinigung
"International Confederation of Wizards, British Seats","Internationale Zaubervereinigung, britische Sektion"
International Magical Office of Law,Internationales Büro für magisches Recht
International Statute of Secrecy,Internationales Geheimhaltungsstatut
Invigoration Draught,Stärkungstrank
Invisibility Cloak,Unsichtbarkeitsmantel
Invisibility Spell,Unsichtbarkeitszauber
Invisible Book of Invisibility (PA4),Unsichtbare Buch der Unsichtbarkeit - Fehlkauf von Flourish & Blotts (Bd.3)
Isle of Wight,Isle of Wight
Janus Thickey Ward,Janus-Thickey-Station
Jarvey,
Jelly-Legs Jinx,Wabbelbeinfluch
"Jewkes, Leonard",
"Jigger, Arsenius","Bunsen, Arsenius"
Jinxes for the Jinxed,Hexen für Verhexte
Jobberknoll,
"Johnson, Angelina","Johnson, Angelina"
Joke Cauldron,Juxkessel
"Jones, Gwenog","Jones, Gwenog"
"Jones, Hestia","Jones, Hestia"
"Jones, Megan",
"Jordan, Lee","Jordan, Lee"
"Jorkins, Bertha","Jorkins, Bertha"
Jugson,Jugson
Junior Minister,Junior Minister
Jupiter,Jupiter
Kacky Snorgle,Schrumpfschnarchler
Kacky Snorgle(statt Crumble Horned Snorkack),
Kappa,Kappa
"Karkaroff, Igor","Karkaroff, Igor"
"Karkaroff, Igor","Karkaroff, Igor"
Karkus,Karkus
"Keeper of Keys and Grounds, Gamekeeper",Hüter der Schlüssel und Ländereien von Hogwarts / Wildhüter
Kelpie,Wassergeist
Kelpie,Wassergeist
Kenmare Kestrels,Kenmare Kestrels
"Ketteridge, Elladora","Ketteridge, Elladora"
"Kettleburn, Professor","Kesselbrand, Professor"
"King, R. J. H.","King, R. J. H."
"Kirke, Andrew","Kirke, Andrew"
Knarl,Knarl(e)
Knarl quills,Knarlkiele
Kneazle,Kniesel
Knickerbocker Glory,Eisbecher Hawaii
Knight Bus,Fahrender Ritter
Knitting Charm,Strickzauber
Knockturn Alley,Nockturngasse
Knockturn Alley,Nockturngasse
knotgrass,Knöterich
Knut,Knut
Kreacher,Kreacher
"Krum, Viktor","Krum, Viktor"
"Krum, Viktor","Krum, Viktor"
Kwikspell,Schnellzaubern
Kwikspell,KWIKZAUBERN
Kwikspell - A Correspondence Course in Beginners' Magic,KWIKZAUBERN - Ein Fernkurs in Zauberei für Anfänger (Bd.2)
lacewing flies,Florfliegen
Lachlan the Lanky,Lachlan der Lulatsch
Langlock,Langlock
Langlock Jinx,Langlock-Fluch
Lav-Lav,Lav-Lav
"Le Fay, Morgan","Le Fay, Morgan"
Leaflet: PROTECTING YOUR HOME AND FAMILY AGAINST DARK FORCES,Merkblatt: ZUM SCHUTZ IHRES HAUSES UND IHRER FAMILIE VOR DEN DUNKLEN KRäFTEN
Leaky Cauldron,"Herausgegeben im Auftrag des Zaubereiministeriums ZUM SCHUTZ IHRES HAUSES
UND IHRER FAMILIE VOR DEN DUNKLEN KRäFTEN"
Leanne,Leanne
leaping toadstool,hüpfende Giftpilze
leech juice,Blutegelsaft
leeches,Blutegel
Legilimency,Legilimentik
Legilimens,Legilimens/Legilimentor
Leg-locker Curse,Beinklammerfluch
Leprechaun,irische Kobolde
Leprechaun,Leprechan
"Lestrange, Bellatrix","Lestrange, Bellatrix"
"Lestrange, Rabastan","Lestrange, Rabastan"
"Lestrange, Rodolphus","Lestrange, Rodolphus"
"Lestrange, Senior","Lestrange, Senior"
Lethifold,Letifold
Lethifold,
Levicorpus (n-vbl),Levicorpus (unges.)
Levitation Charm,Schwebezauber
"Li, Su",
Liberacorpus,Liberacorpus
Librarian,Bibliothekarin
"lionfish, spine of",Löwenfischgräten
Little Hangleton,Little Hangleton
"Little Whinging, Surrey","Little Whinging, Surrey"
"Llewellyn, Dai","Llewellyn, Dai"
Lobalug,
"Locket, heavy golden","Medaillon, schweres goldenes"
"Lockhart, Gilderoy","Lockhart, Gilderoy"
"Lockhart, Gilderoy, Professor","Lockhart, Gilderoy, Professor"
Locomotion Charm,Bewegungszauber
Locomotor,Locomotor
Locomotor Mortis,Locomotor Mortis
Locomotor trunk,Locomotor Koffer
"Longbottom, Algie","Longbottom, Algie"
"Longbottom, Alice","Longbottom, Alice"
"Longbottom, Augusta","Longbottom, Augusta"
"Longbottom, Enid","Longbottom, Enid"
"Longbottom, Frank","Longbottom, Frank"
"Longbottom, Neville","Longbottom, Neville"
"Longbottom, Neville","Longbottom, Neville"
Loser's Lurgy,Verlierer-Zipperlein
lovage,Liebstöckel
Love Potion,Liebestrank
Lovegood,Lovegood
Lovegood,Lovegood
"Lovegood, Luna","Lovegood, Luna"
Ludicrous Patents Office,Büro für Lächerliche Patente
"Lufkin, Artmisia",
Lumos,Lumos
Lupin Remus John Professor,Lupin Remus John Professor
Mackled Malaclaw,
"Macmillan, Ernie","Macmillan, Ernie"
"Macnair, Walden","Macnair, Walden"
Madam Malkins Robes,Madam Malkins Anzüge für alle Gelegenheiten
Madam Puddifoot's,Madam Puddifoot
Madcap Magic for Wacky Warlocks (GF26),Magische Mätzchen für tumbe Zauberer
"Madley, Laura","Madley, Laura"
Mafalda Hopkirk,Mafalda Hopfkirch
Magical Bugs,Magische Pestilenzen
Magical Cars,magische Ministeriumsautos
Magical Chains,Magische Ketten
Magical chess,Zauberschach
Magical Drafts and Potions by Arsenius Jigger,Zaubertränke und Zauberbräue - Arsenius Bunsen
Magical Hieroglyphs and Logograms,Magische Hyroglyphen und Logogramme
Magical Law Enforcement Patrol,Magische Strafverfolungspatrouille
Magical Maintenance,Zauberei-Zentralverwaltung
Magical Me,Zaubrisches Ich - Gilderoy Lockhart
Magical Theory by Adalbert Waffling,Theorie der Magie - Adalbert Schwahfel
Magical Water Plants of the Mediterranean,Magische Wasserpflanzen des Mittelmeers und ihre Wirkungen
Magick Moste Evile,Gar Böse Zauberey
Magnolia Crescent,Magnolienring
Magnolia Road,Magnolienstraße
Magorian,Magorian
mahogany,Mahagoni
Malcolm,Malcom
Malecrit,
"Malfoy, Abraxas","Malfoy, Abraxas"
"Malfoy, Draco","Malfoy, Draco"
"Malfoy, Lucius","Malfoy, Lucius"
"Malfoy, Lucius","Malfoy, Lucius"
"Malfoy, Narcissa","Malfoy, Narcissa"
"Malfoy, Narcissa geb. Black","Malfoy, Narcissa geb. Black"
mallowsweet,
mandrake,"Alraune, Mandragora"
Mandrake Restorative Draught,Alraune-Wiederbelebungstrank
manticore,Mantikor
maple,Ahorn
Marauder's Map,Karte des Rumtreibers
"Marchbanks, Griselda","Marchbanks, Griselda"
Mars,Mars
"Marsh, Madam","Marsh, Madam"
Martha,Martha
"Mason, Mr and Mrs","Mason, Mr and Mrs"
Master of Mystery,Meister der Mysterien
"Maxime, Olympe","Maxime, Olympe"
"Maxime, Olympe","Maxime, Olympe"
"Mc Dougal, Morag","Mc Dougal, Morag"
"McDonald, Natalie","McDonald, Natalie"
"McGonagall, Minerva","McGonagall, Minerva"
"McGonagall, Minerva, Professor","McGonagall, Minerva, Professor"
"McGuffin, Jim","McGuffin, Jim"
"McKinnon, Marlene","McKinnon, Marlene"
McKinnons,McKinnons
"McLaggen, Cormac","McLaggen, Cormac"
"McLaggen, Tiberius","McLaggen, Tiberius"
"Meadowes, Dorcas","Meadowes, Dorcas"
Memory Potions,
Men Who Love Dragons Too Much,"Männer, die Drachen zu sehr lieben"
Merlin,Merlin
Merpeople,Meermenschen
"Merrythought, Galatea, Professor","Merrythought, Galatea, Professor"
Metamorphmagus,Metamorphmagus
Metamorph-Medals,Metamorph-Medaillen
"Midge(o)n, Eloise","Midge(o)n, Eloise"
"Miggs, Martin the Mad Muggle","Miggs, Martin der miggerige Muggel"
Mimbulus Mimbletonia,Mimbulus Mimbeltonia
"Minister, Junior Assistant to the Minster, Senior Undersecretary to the
Minister","Minister, Juniorassistent des Ministers, Ersrter Untersekretär des Ministers"
Ministry Apparition Instructor,Apparierlehrer
Ministry of Magic,Zaubereiministerium
Miranda Goshawk,Miranda Habicht
Mischief managed,Unheil angerichtet
Misuse of Muggle Artefacts Office,Missbrauch von Muggelartefarkten
Moaning Myrtle,Maulende Myrte
Mobilcorpus,Mobilicorpus
Mobiliarbus,Mobiliarbus
Mobiliarbus,Mobiliarbus
Mobilicorpus,Mobilcorpus
"Mockridge, Cuthbert","Mockridge, Knutbert"
Modern Magical History,Geschichte der modernen Magie
Moke,
Mollywobbles,Mollyröllchen
monkshood,Mönchshut
Montague,Montague
"Montague, Mr.und Mrs","Montague, Mr.und Mrs"
Montgomery brother,Montgomery Bruder
Montgomery sisters,Montgomery Schwestern
"Moody, Alastor ""Mad-Eye""","Moody, Alastor ""Mad-Eye"""
Moon,Moon
Mooncalf,Mondkalb
Moony,Moony
Morgana,Morgana
Morsmordre,Morsmordre
Mortlake,Mortlake
Mosag,Mosag
Mosag,Mosag
Most Extraordinary Society of Potioneers,Extraordinäre Zunft der Trankmeister
"Mostafa, Hassan","Mostafa, Hassan"
Moste Potente Potions,Höchst potente Zaubertränke
Mrs Skowers All-Purpose Magical Mess Remover,Mr. Skower
mudblood,Schlammblut
Muffliato,"Muffliato, Muffliato-Zauber"
Muggle,Muggel
muggle dunghill,Muggelkloake
muggle magic tricks,Muggelzaubertricks
Muggle Studies,Muggelkunde
Muggles Who Notice by Blenheim Stalk,"Muggel die es sehen, von Blenheim Stalk"
Muggle-Worthy Excuse Commitee,Komitee für Muggelgerechte Entschuldigungen
"Mugwump, Supreme",Ganz hohes Tier
Mulciber,Mulciber
Mulciber,Mulciber
"Muldoon, Burdock",
"Munch, Eric","Munch, Eric"
Murcus,Murcus
"Muriel, Auntie, Great Auntie","Muriel, Tantchen, Großtantchen"
Murtlap,Murtlap
Murtlap essence,Murtlap Essenz
N.E.W.T.s,UTZ(Unheimlich toller Zauberer)
Nagini,Nagini
Nargles,Nargel(n)
Nature's Nobility: A Wizarding Genealogy,Noblesse der Natur: Eine Genealogie der Zauberei
Nearly Headless Nick,Fast Kopfloser Nick
nettle,"Nessel,Brennessel"
"Nettles, Madam Z.","Nettles, Madame Z."
New Theory of Numerology,Neue Theorie der Numerologie
Niffler,Niffler
Nimbus 2000,Nimbus 2000
Nogtail,Nogschwanz
"Norbert, the Norwegian Ridgeback","Norbert, der norwegische Stachelbuckel"
"Norris, Mrs.","Norris, Mrs."
Nosebleed Nougat,Nasblutnugat
Notable Magical Names of Our Time (SS12),Handbuch zeitgenössischer Magier
"Nott, Senior","Nott, Senior"
"Nott, Theodore","Nott, Theodor"
Nox,Nox
Numerology and Gramatica,Nummerologie und Grammatica
Nundu,
Nurse,Krankenschwester
n-vbl,unges.
O = Outstanding,O = Ohnegleichen
O.W.L.s,ZAG(Zauberergrad)
oak,Eiche
Oblansk,Oblansk
Obliteration Charm,Tilgzauber
Obliviate,Amnesia/Obliviate
Obliviator,Vergissmich
Obliviator Headquaters,Vergissmich-Zentrale
Obscurus Books,Obscurus Books
Occamy,
Occlumency Occlumens,"Okklumentik, Okklumentor"
"Odo, the hero","Odo, der Held"
"Office for the Detection and Confiscation of Counterfeit Defensive Spells
and Protective Objects","Büro zur Ermittlung und Beschlagnahme Gefälschter Verteidigungszauber und 
Schutzgegenstände"
Office of House-Elf Relocation,
Office of Missinformation,Amt für Desinformation
"Office of the Detection and Confiscation of Counterfeit Defensive Spells
and Protective Objects",
Official Gobstones Club,Offizieller Koboldstein-Klub
"Ogden, Bob","Ogden, Bob"
"Ogden, Tiberius","Ogden, Tiberius"
Ogg,Ogg
Olde and Forgotten Bewitchments and Charmes,Alte und vergessene Hexereien und Zaubereien
"Ollerton, Gifford","Ollerton, Gifford"
Ollivander,"Ollivander, Mr"
Ollivanders Magic Wandssince 382 b.c.,Ollivander - Gute Zauberstäbe seit 382 v. Chr.
Ollivanders,Ollivander
"Olympe, Maxime","Olymp, Maxime"
Omnioculars,Omnigläser
One Minute Feasts - It's Magic,Festessen in einer Minute - Das ist Hexerei!
"One Thousand Magical Herbs and Fungi(SS,OP)","Tausend Zauberkräuter und -pilze/Tausend magische Kräuter und Pilze -
Phyllida Spore"
opal and silver necklace,Silberhalsband
"opal necklace, ornate","Opalhalsband, reich verziertes"
Oppugno,Oppugno
Orchideus,Orchideus
Order of the Phoenix,Orden des Phönix/Phönixorden
Ornithomancy,Ornitholomantik
Ottery Saint Catchpole,Ottery St. Catchpole
Ottery St. Catchpole,Ottery St. Catchpole
OWLs(Ordinary Wizarding Level),ZAG(Zauberergrad)
P=Poor,M = Mies
Pack,Packe
Padfoot,Tatze
"Palominos, winged","Palominos, geflügelte"
Paracelsus,Paracelsus
"Parkinson, Pansy","Parkinson, Pansy"
Parry Otter,Parry Otter
Parselmouth,Parselmund
Parseltongue,Parselzunge
Partial Vanishment,partielles Verschwinden
Passwords Dumbledore's Study,"Passwörter, Dumbledores Büro"
Passwords Gryffindor,Passwörter Gryffindor
Passwords Slytherin,Passwörter Slytherin
"Passwords, other",Passwörter sonstige
Patented Daydream Charms,patentierte Tagtraumzauber
"Patil, Padma","Patil, Padma"
"Patil, Parvati","Patil, Parvati"
Patronus,Patronus
"Paws, Mr.",Putty
"Peakes, Jimmy","Peakes, Jimmy"
"Peasegood, Arnold","Friedlich, Arnold"
Peeves,Peeves
Pensieve,Denkarium
Pepper Imps,Pfefferkobolde
"Pepper, Octavius","Pepper, Octavius"
Pepperup Potion,Aufpäppel-Trank
Perkins,Perkins
"Perks, Sally-Anne","Perks, Sally-Anne"
Permanent Sticking Charm,Dauerklebefluch
Peskipiksi Pesternomi,Pelzkiwichteli
Pest Advisory Bureau,Seuchenberatungsbüro
Petrificus totalus,Petrificus totalus
"Pettigrew, Peter","Pettigrew, Peter"
Peverell Coat of Arms,Peverell-Wappen
Philological Stone,Stein der Meisen
Philosopher's Stone,Stein der Weisen
"Philosophy of the Mundane, The: Why Muggles Prefer Not to Know by Professor
Mordicus Egg (FB)","Die Philosophie des Weltlichen: Warum die Muggel es lieber nicht wissen 
wollen von Professor Mordicus Egg"
"Philpott, Arkie","Philpott, Arkie"
Phlegm,Schleim
Phoenix,Phönix
photograph potions,
Pigwidgeon,Pigwidgeon
"Pince, Irma","Pince, Irma"
"Pince, Irma","Pince, Irma"
Pixie,Wichtel
please-men,Blitzisten
please-men(Policemen),Blitzisten(Polizisten)
Plimpy,
"Plumpton, Roderick","Plumpton, Roderick"
plunger,Saugglocke
plus-fours,Knickerbocker
"Podmore, Sturgis","Podmore, Sturgis"
Pogrebin,Pogrebin
Poliakoff,Poliakoff
Poliakoff,Poliakoff
"Polkiss, Mrs.","Polkiss, Mrs."
"Polkiss, Piers","Polkiss, Piers"
Poltergeist,Poltergeis
Polyjuice Potion,Vielsafttrank
Polyjuice Potion,Vielsafttrank
Pomegranate juice,Granatapfelsaft
"Pomfrey, Poppy","Pomfrey, Poppy"
"Pontner, Roddy","Pontner, Roddy"
porcupine quills,Stachelschweinpastillen
Porlock,Porlock
Porskoff Ploy,Porskoff Täuschung
Portable Swamp,Tragbarer Sumpf
Portkey,Portschlüssel
Portkey Office,Portschlüsselbüro
Portus,Portus
Potion and Plant Poisoning,Vergiftungen durch Zaubertränke und Pflanzen
Potions,Zaubertänke
"Potter, Harry James","Potter, Harry James"
"Potter, James","Potter, James"
"Potter, Lily, geborene Evans","Potter, Lily, geborene Evans"
Potters,Potters
"Potters, Harry's Grandparents","Potters, Harrys Großeltern"
powdered griffin claw,Greifenklauenpulver
"Powers You Never Knew You Had and What To Do With Them Now You've Wised Up
(GF26)","Kräfte Ihres Innern, von denen Sie nie wussten, und was Sie damit anfangen 
- Buch aus der Bibliothek, mit dem Harry sich auf das Trimagische Turnier 
vorbereiten will (Bd.4)"
Practical Defensive Magic and Its Use Against the Dark Arts,Praktische Defensive Magie und ihr Einsatz gegen die dunklen Künste
"Prang, Ernie","Prang, Ernie"
Predicting the Unpredictable: Insulate Yourself Against Shocks (PA4),Die Vorhersage des Unvorhersagbaren: So schützen sie sich vor Schocks
Prefect,Vertrauensschüler
Prefects Who Gained Power,"Vertrauensschüler und ihr Weg zur Macht. Eine Studie über Vertrauensschüler
in Hogwarts und ihre Karrieren"
"Prentice,Mr.","Prentice,Mr."
"Prewett, Fabian","Prewett, Fabian"
"Prewett, Gideon","Prewett, Gideon"
"Prewetts, The","Prewetts, The"
Pride of Portree,Pride of Portree
Prime Minister,Premierminister
"Prince, Eileen","Prince, Eileen"
"Prince, Madam","Prince, Madam"
"Pringle, Apollyon","Pringle, Apollyon"
"Pringle, Apollyon","Pringle, Apollyon"
Prior incantato,Prior incantado
Priori incantatem,Priori incantatem
"Pritchard, Graham","Pritchard, Graham"
privet,Liguster
Privet Drive,Ligusterweg
Probity Probe,Seriositätssonde
"Prod, D.J.","Prod, D.J."
Producing Hot Air Charm,Heißluftzauber
Prof. Grubbly-Plank,Prof. Raue-Pritsche
Prof. Kettleburn,Prof. Kesselbrand
Prongs,Krone
"Prophecy, the first true","Vorhersage, die erste wahre"
"Prophecy, the second true","Vorhersage, die zweite wahre"
Protean Charm,Proteuszauber
Protective Potions,Schutztränke
Protego,Protego
Proudfoot,Proudfoot
Ptolemy,Ptolomäus
"Pucey, Adrian","Pucey, Adrian"
Puddlemere United,Eintracht Pfützensee
puffapod,Kartoffelbauchpilz
puffer-fish eyes,Pufferfischaugen
Puffskein,Knuddelmuff
Puking Pastilles,Kotzpastillen
pumbles (plumbers),Pempler (statt Klempner)
Pumbles(statt plumbers),Pempler(statt Klempner)
pumpkin,Kürbis
punching Telescope,boxendes Teleskop
Purge & Dowse Ltd.,Reinig und Tunkunter GmbH
"Purkiss, Doris","Purkiss, Doris"
Put-Outer,Ausmacher/Entleuchter/Ausschalter
"Pye, Augustus","Pye, Augustus"
Pygmy Puff,Minimuff
Queerditch Marsh,
Quentin Trimble,Quirin Sumo
Quibbler,Klitterer
Quid agis,Quid agis
Quidditch,Quidditch
"Quidditch Teams of Britain and Ireland (GF23, OP3)",Quidditch-Mannschaften Großbritanniens und Irlands
Quidditch Through the Ages (SS9) by Kennilworthy Whisp (QA),Quidditch im Wandel der Zeiten
Quietus,Quietus
Quietus,
"Quills, self-inking, spell-checking, smart-answers","Federkiel mit Sorten Selbstauffüller, Rechtschreibchecker und
Schlaue-Antwort"
Quintaped,
Quintessence: A Quest,Die Suche nach der Quintessenz
"Quirkie, Orla","Quirkie, Orla"
"Quirrel, Quirenius Professor","Quirrel, Quirenius Professor"
Quodpot,
Racism,Rassismus
"Rackharrow, Urquhart","Rackharrow, Urquhart"
Ragnok,Ragnok
Railview Hotel,Hotel zum Bahnblick
Ralph,Ralph
Ramora,
rashes,Ausschäge
rat tails,Rattenschwänze
Ravenclaw,Ravenclaw
"Ravenclaw, Rowena","Ravenclaw, Rowena"
Red Cap,Rotkappen
Reducio,Reducio
Reducto,Reductio
Reducto Curse,Reducto Fluch
Re'em,
Refilling Charm,Nachfüllzauber
regurgitation,Erbrechen
Relashio,Relaschio
Remembrall,Erinnermich
Rennervate,Rennervate
Reparo,Reparo
Rictusempra,Rictusempra
Riddikulus,Riddikulus
"Riddle, Merope","Riddle, Merope"
"Riddle, Mr. And Mrs","Riddle, Mr. und Mrs"
"Riddle, Tom Marvolo","Riddle, Tom Vorlost"
"Riddle, Tom Senior","Riddle, Tom Senior"
"Ring, black-stoned","Ring, schwarzsteiniger"
Ripper,Ripper
Rita Skeeter,Rita Kimmkorn
"Robards, Gawain",
"Robins, Demelza","Robins, Demelza"
Romanian Longhorn dragon horn,
Ronan,Ronan
"Rookwood, Algernon=Augustus","Rookwood, Augustus"
"Rookwood, Augustus",
Room of Requirement,Raum der Wünsche
Roonil Wazlip,Runald Waschlab
rosewood,
"Rosier, Evan","Rosier, Evan"
"Rosier, Evan",
"Rosmerta, Madam","Rosmerta, Madam"
Rotfang Conspiracy,Rotfang-Verschwörung
Rune Dictionary (GF20),Runenwörterbuch
Rune Stone,Runenstein
Runespoor,
Rupert,Rupert
"Ryan, Barry","Ryan, Barry"
S.P.E.W.,B.Elfe.R(Bund für Elfenrechte)
S.P.E.W.,
S.P.U.G.,"B.L.ö.K.(Befreit die lümmelhaften, öden Kobolde)"
S.P.U.G.,
Salamander blood,Salamanderblut
Salem Witches' Institute,Hexenistitut Salem
Salem Witches' Institute,
Salems Witches Institute,Hexeninstitut von Salem
Sanguini,Sanguini
Saucey Tricks for Tricky Sorts (GF26),Scharfe Tricks für scharfe Typen
Savage,Savage
Scabbers,Krätze
"Scamander, Newton Artemis Fido","Scamander, Lurch"
scarab beetles,
Scarpin's Revealaspell,Scarpins Revelatiozauber
Scintillating Solution,Funkenlösung
Scourgify,Ratzeputz
Screech owl,"Zwergohreule,Schleiereule"
Screechsnap,
"Scrimgeour, Rufus","Scrimgeour, Rufus"
Scrivenshafts Quill Shop,Schreiberlings Federladen
scrofungulus,
scurvy-grass,Löffelkraut
Sea Serpent,
Secrecy Sensors,Geheimnis-Detektoren
Sectumsempra,Sectumsempra
Self-Correcting Ink,selbstkorrigierende Tinte
Self-Defensive Spellwork,Zaubern zur Selbstverteidigung
Serpensortia,Serpensortia
Set of Gallows,Henker
Severing Charm,
"Shacklebolt, Kingsley","Shacklebolt, Kingsley"
Shield Charm,Schildzauber
Shield Cloaks,Schildumhänge
Shield Gloves,Schildhandschuhe
Shield Heads,Schildhüte
"Shimpling, Derwent","Shimpling, Derwent"
Shrake,
Shrinking Solution,
shrunken head,Schrumpfkopf
"Shunpike, Stan(ley)","Shunpike, Stan(ley)"
Sickle,Sickle
Sickle,
Side-Along-Apparition,Seit-an-Seit-Apparieren
Silencing Charm,Schweigezauber
Silencio,Silencio
"Sinistra, Professor","Sinistra, Professor"
Sir Cadogan,Sir Cadogan
Sites of Historical Sorcery (PA5),Historische Stätten der Zauberei
"Skeeter, Rita",Kimmkorn Rita
"Skeeter, Rita",
"Skeeter, Rita Rita Kimmkorn","Kimmkorn, Rita"
Skele-gro,Skelewachs
Skele-gro,Skelewachs
Skiving Snackboxes,Nasch- und Schwänz-Leckereien
Sleekeasy's Hair Potion,
Sleeping Draft/Draught/Potion,Schlaftrunk
"Slinkhard, Wilberg","Slinkhard, Wilberg"
"Sloper, Jack","Sloper, Jack"
Sloth Grip Roll,Faultirerrolle
Slug Club,Slug Klub
Sluggy,Sluggy
"Slughorn, Horace E. F.","Slughorn, Horace E. F."
Slug-vomiting Charm,Schnecken-Spuck-Zauber
Slytherin,Slytherin
"Slytherin, Salazar","Slytherin, Salazar"
"Slytherin, Salazar","Slytherin, Salazar"
Smeltings,Smeltings
"Smethwyck, Hippocrates","Smethwyck, Hippocrates"
"Smethwyk, Elliot",
"Smith, Hepzibah","Smith, Hepzibah"
"Smith, Zacharias","Smith, Zacharias"
snake fangs,
"Snape, Eileen","Snape, Eileen"
"Snape, Severus, Professor","Snape, Severus, Professor"
"Snape, Tobias","Snape, Tobias"
Snargaluff Pod,Snargaluff-Kokon
"Snargaluff Stump, gnarled",Snargaluff-Stumpf
Sneakoscope,Spickoskop
Sneakoscope,Taschenspickoskop
sneezewort,Nieskraut
Snidget,
Snitch,Schnatz
Snivellus (auch: Snivelly),Schniefelus
Snowy,Snowy
Snowy owl,Schneeeule
Snuffles,Schnuffel
Snuffles,
soft option,Laberfach
Solution of strained and pickled Murtlap tentacles,Lösung aus eingelegten und filtrierten Murtlap-Tentakeln
Sonnets of a Sorcerer (CS13),
Sopophorous Bean,Schlafbohne
Sorting Hat,Sprechender Hut
Sparky,
Spattergroit,Griselkrätze
Specialis revelio,Specialis revelio
Spectrespec,Gespensterbrille
Spell Damage,Fluchschäden
Spellman's Syllabary(alte Runen Buch),Zaubermanns Silbentabelle
Spellotape,Zauberband
spells,Zaubersprüche
Spew,Belfer
Sphinx,
Spinner's End,Spinner's End
"Spinnet, Alicia","Spinnet, Alicia"
Splinching,Zersplintern
"Spore, Phyllida",
Squib,Squib
St. Brutus,St. Brutus
St. Mungo,St. Mungo
St. Mungo's Hospital,St. Mungo Hospital
Standard Book of Spells Grade 1 by Miranda Goshawk,Lehrbuch der Zaubersprüche Band 1 - Miranda Habicht
Standard Book of Spells Grade 2 by Miranda Goshawk,Lehrbuch der Zaubersprüche Band 2 - Miranda Habicht
Standard Book of Spells Grade 3 by Miranda Goshawk,Lehrbuch der Zaubersprüche Band 3 - Miranda Habicht
Standard Book of Spells Grade 4 by Miranda Goshawk,Lehrbuch der Zaubersprüche Band 4 - Miranda Habicht
Standard Book of Spells Grade 5 by Miranda Goshawk,Lehrbuch der Zaubersprüche Band 5 - Miranda Habicht
Starfish and Stick,
Statute of Secrecy,Geheimhaltungsstatut
Stealth and Tracing,Verheimlichen und Aufspüren
Stealth Sensoring Spell,Heimlichkeitsaufspürzauber
Stebbins,Stebbins
"Stebbins, Senior","Stebbins, Senior"
"Stephen, Cornfoot",
"Stimpson, Patricia","Stimpson, Patricia"
stings,Stiche
Stink Pellets,Stinkkügelchen
Stinksap,Stinksaft
Stoatshead Hill,Wieselkopf
Stonewall High,Stonewall High
Streams of Silver Light,Pfeilartige Ströme silbernen Lichts
Streeler,
Strengthening Solution,Stärkungtrank
Stretching Jinx,Streckfluch
"Stroulger, Edgar","Stroulger, Edgar"
"Strout, Miriam",
"Stubbs, Billy","Stubbs, Billy"
"Study of Recent Developments in Wizardry, A (SS12)",Jüngere Entwicklung der Zauberei
"Stump, Grogan",
Stunning Jinx,Schockzauber
Stupefy,Stupor
Substantive Charm,Substantivzauber
Summerby,Summerby
Summers,Summers
Summoning Charm,Sammelzauber/Aufrufezauber
Sunday Prophet,Sonntagsprophet
Swelling Solution,Schwelllösung
"Switch, Emeric","Wendel, Emery"
Switching Spell,Wandelzauber
T = Troll,T = Troll
Talon Clipping by Charms,Krallenschneiden mit Zauberkraft
tapeworm,
Tarantallegra,Tarantallegra
tarradiddles,
Tawny owl,Waldkauz
Tebo,
Ten-Second Pimple Vanisher,Zehn-Sekunden Pickelentferner
Tergeo,Tergeo
Term,"Trimester, Jahr"
"The Adventures of Martin Miggs, the Mad Muggle","Abenteuer von Martin Miggs, dem mickrigen Muggel"
The Boy who lived,"Der Junge, der überlebt hat"
The Burrow,Fuchsbau
The chosen one,Der Auserwählte
The Dark Arts Outsmarted,Die dunklen Künste überlistet
The Dream Oracle by Inigo Imago,Das Traumorakel von Inigo Imago
"the Foul, Herpo","der Üble, Herpo"
The Healer's Helpmate,Heilers Helferlein
The Knight Bus,Der Fahrende Ritter
The Leaky Cauldron,Der Tropfende Kessel
The Marauder's Map,Die Karte des Rumtreibers
The Monster Book of Monsters,Monsterbuch der Monster
The Noble Sport of Warlocks by Quintius Umfraville (1602) (QA),
"the Oddball, Uric","der komische Kauz, Ulrich"
The Quibbler,Der Klitterer
The Rise and Fall of the Dark Arts,Aufstieg und Niedergang der dunklen Künste
The Sorting Hat,Der sprechende Hut
The Standard Book of Spells Grade 6,"Lehrbuch der Zaubersprüche, Band 6"
the three D's,goldene Dreierregel
The Weird Sisters,Schwestern des Schicksals
Theories of Transubstantial Transfiguration (QA),
Thestral,Thestral
"Thickey, Janus",
"Thomas, Dean","Thomas, Dean"
"Tibbles, Mr.","Tibbles, Mr."
"Timms, Agatha","Timms, Agatha"
Toenail Grow Hex,"Verwünschung, die Zehnägel alarmierend schnell wachsen ließ"
Toffee eclairs,Karamell-Eclair
"Tofty, Professor","Tofty, Professor"
"Toke, Tilly","Toke, Tilly"
Tom,Tom
Tonks Andromeda,Tonks Andromeda
"Tonks, Nymphadora","Tonks, Nymphadora"
"Tonks, Ted","Tonks, Ted"
Toujours pur,Toujours pur
"Towler, Kenneth","Tower, Kenneth"
Transfiguration,Verwandlung
Transguration Today,Verwandlung Heute
Travels With Trolls by Gilderoy Lockhart (CS4),Trips mit Trollen - Gilderoy Lockhart
Travers,Travers
Treacle Fudge,Sirupbonbons
Treating Scale Rot,Behandlung von Schuppenflechte
"Trelawney, Cassandra","Trelawney, Cassandra"
"Trelawny, Sybill Patricia, Professor","Trelawny, Sybill Patricia, Professor"
"Tremlett, Donaghan",
Trevor,Trevor
Trick Wands,Trickzauberstäbe
"Trimble, Quentin","Sumo, Quirin"
Trip Jinx,Stolperfluch
Triwizard Tournament,Trimagisches Turnier
Troll,Troll
Trophy room,Pokalzimmer
Truth Potion,Wahrheitselixier
tubeworms,Ringelwürmer
Tufty,Tuffy
"Turpin, Lisa","Turpin, Lisa"
Tutshill Tornados,Tutshill Tornados
Twentyfive Ways to Mingle with Muggles,"25 Tipps, wie man sich unter Muggel mischt"
Twilfitt and Tattings,Twilfitt und Tattings
Two-Way Mirror,Zweiwegespiegel
"Twycross, Wilkie","Twycross, Wilkie"
umbrella-sized flowers,"riesige, schirmartige Blumen"
"Umbridge, Dolores Jane, Professor","Umbridge, Dolores Jane, Professor"
Umbridgitis,Umbridgitis
Umgubular Slashkilter,Umbumbliger Schlitzfatzer
Unbreakable Vow,unbrechbarer Schwur
uncontrollable giggling,Dauerkichern
Unfogging the Future by Cassandra Vablatsky,Die Entnebelung der Zukunft - Kassandra Wablatschki
Unicorn,Einhorn
"unicorn horns, tail hair","Einhornhorn, -schwanzhaar"
"unliftable jinxes, hexes","Unaufhebbare Flüche, Hexereien"
U-NO-POO,Du-scheißt-nie-mehr
Unspeakable,Unsägliche
"Upper Barnton, Hengist of","Upper Barnton, Hengist von"
Urquhart,Urquhart
"Vablatsky, Cassandra","Wablatschki, Kassandra"
Vaisey,Vaisey
valerian roots,Baldrianwurzel
Vampire,Vampire
"Vance, Emmeline","Vance, Emmeline"
Vandalized Telephone Box,
"Vane, Romilda","Vane, Romilda"
Vanishing Cabinet,Unsichtbarkeitsschrank
vanishing sickness,Verschinditis
Vanishing Spell,Verschwindezauber
"Vector, Professor","Vector, Professor"
Veela,Veela
Venemous Tentacula,Venemosa Tentacula/Giftige Tentakel
"Veridian, Vindictus, Professor","Veridian, Vindictus, Professor"
Veritaserum,Veritaserum
Verity,Verity
Violet,Violet
"Viridian, Vindictus","Viridian, Vindictus"
Visitor's Tearoom,Besucher-Cafeteria
"Voldemort, Lord","Voldemort, Lord"
Voldemort's potion,Voldemorts Zaubertrank
Voyages With Vampires,Abstecher mit Vampiren - Gilderoy Lockhart
Waddivasi,Waddivasi
"Waffling, Adalbert","Schwafel, Adalbert"
Wand Arrows,
Wand backfiring,Zauberstab-Fehlzündungen
Wandering With Werewolves,Wandern mit Werwölfen - Gilderoy Lockhart (Bd.2)
"Warbeck, Celestina","Warbeck, Celestina"
"Warrington, C.","Warrington, C."
Wartcap powder,Warzhautpulver
Watch Wizard/Security Wizards,Sicherheitszauberer/Wachtzauberer
Weasley is our King,Weasley ist unser King
"Weasley, Arthur","Weasley, Arthur"
"Weasley, Bill","Weasley, Bill"
"Weasley, Charlie","Weasley, Charlie"
"Weasley, Fred","Weasley, Fred"
"Weasley, Fred und George","Weasley, Fred und George"
"Weasley, George","Weasley, George"
"Weasley, Ginevra Molly (Ginny)","Weasley, Ginevra Molly (Ginny)"
"Weasley, Molly","Weasley, Molly"
"Weasley, Percy Ignatius","Weasley, Percy Ignatius"
"Weasley, Ron Bilius","Weasley, Ron Bilius"
Weasleys,Weasleys
Weasleys' Love Potions,Weasleys Liebestränke
Weasley's Wildfire Whiz-bangs,Weasleys wildfeurige Wunderknaller
Weasley's Wizard Wheezes,Weasleys Zauberhafte Zauberscherze
Weatherby,Weatherby
Weird Sisters,"Schicksalsschwestern, Schwestern des Schicksals"
Weird Wizarding Dilemmas and Their Solutions (GF26),Tausend knifflige Zauberrätsel
Wendelin the Weird,Wendelin die Ulkige
Werewolf,Werwolf
Werewolf Capture Unit (FB),Werwolf-Fangkommando
Werewolf Code of Conduct,Benimmregeln für Werwölfe
Werewolf Registry (FB),Werwolfregister
Werewolf Support Services (FB),Werwolf-Unterstützungsamt
"Whalley, Eric","Whalley, Eric"
Wheezy,Wheezy
whelk,Wellhornschnecke
"Where There's a Wand, There's a Way (GF26)","Große Selbsthilfebuch für Zauberer - Buch aus der Bibliothek, mit dem Harry
sich auf das Trimagische Turnier vorbereiten will (Bd.4)"
Which Broomstick?,Rennbesen im Test/Besentest
"Whitby, Kevin","Whitby, Kevin"
Whizz Hard Books,Whizz Hard Books
Who Am I? by Gilderoy Lockhart,Who Am I? by Gilderoy Lockhart
Whomping Willow,Peitschende Weide
Why I Didn't Die When the Augurey Cried by Gulliver Pokeby,"Warum ich nicht starb, als der Augerey schrie"
"Widdershins, Willy","Widdershins, Willy"
"Wildsmith, Ignatia","Wildsmith, Ignatia"
Wilfred the Wistful,Wilfried der Wehmütige
Wilkes,Wilkes
Will,Will
Williamson,Williamson
willow,Weide/Weidenholz
Wiltshire Mansion,Landsitz in Wiltshire
Wimbourne Wasps,Wimbourner Wespen
"Wimple, Gilbert","Wilbert, Gimpel"
Wingardium Leviosa,Wingardium Leviosa
Winged Horse,Geflügeltes Pferd
Winky,Winky
Wisteria Walk,Glyzinienweg
Witch Weekly,Hexenwoche
Witherwings,Federflügel
Wit-Sharpening Potion,Gripsschärfungstrank
Wizarding Examinations Authoroty,Zaubererprüfungsbehörde
Wizarding Money,Zauberergeld
Wizarding Wireless Network(WWN),Magischer Rundfunk(MRF)
Wizengamot,Zaubergamot
Wizengamot Administration Service,Zaubergamot-Verwaltungsdienst
wolfsbane,Wolfswurz
Wolfsbane Potion,Wolfsbann-Trank
Wonder of the Wigtown Wanderers by Kennilworthy Whisp (QA),Das Wunder der Wigtown Wanderers
Wonder Witch products,Wunder-Hexe Produkte
Won-Won,Won-Won
"Wood, Oliver","Wood, Oliver"
"Woodcroft, Hengist of","Woodcroft, Hengis von / Hengist of"
Woodlice,Holzläuse
"Worme, Augustus",
Wormtail,Wurmschwanz
wormwood,Wermut
"Worple, Eldred","Worple, Eldred"
Wrackspurt,Schlickschlupf
"Wright, Bowman","Wright, Bowman"
Writing on the Wall,Schrift an der Wand
Wronski Feint,Wronski-Bluff
WWN (Wizarding Wireless Network),MRF(Magischer Rundfunk)
WWW (Weasley's Wizard Weazes),WZZ (Weasleys Zauberhafte Zauberscherze)
x,x
xx,xx
xxx,xxx
xxxx,xxxx
xxxxx,xxxxx
Yaxley,Yaxley
Year With The Yeti by Gilderoy Lockhart,Ein Jahr bei einem Yeti - Gilderoy Lockhart
Yeti,Yeti
yew,Eibe
You know who,Du weißt schon wer
Yule Ball,Weihnachtsball
Yvonne,Yvonne
"Zabini, Blaise","Zabini, Blaise"
"Zamojski, Ladislaw","Zamojski, Ladislaw"
"Zeller, Rose","Zeller, Rose"
Zonko,Zonko