num,image_url,suggestions,gtrans,dtrans
0,https://i.imgur.com/7We6U8g.png,{},pfeife tick bzzzt ding glorp pop splat glockenspiel blasen puff,pfeifen tick bzzzt ding glorp pop platsch glockenspiel tuten puffen
1,https://i.imgur.com/MI1a7mF.png,{},klingeln blase signalton thud knistern rauschen zischen pffft surren,klimpern blasen piepsen klopfen knistern zischen zischen pffft zischen
3,https://i.imgur.com/G1w5fgd.png,{},sein einmaliges passwort für den wasserspeier wäre zimperliches knochenbrech,sein einmaliges passwort für den wasserspeier wäre squeamish ossifrage
7,https://i.imgur.com/s96F8N6.png,{},danke dass du gekommen bist harry sagte der schulleiter,danke dass du gekommen bist harry sagte der schulleiter
8,https://i.imgur.com/N2Sn1vL.png,{},der alte zauberer erhob sich von seinem thron begann langsam durch den raum und die fremden geräte zu gehen,der alte zauberer erhob sich von seinem thron und begann langsam durch den raum und die seltsamen geräte zu gehen
9,https://i.imgur.com/ZXLs0jO.png,{},zuerst hast du die notizen der gestrigen begegnung mit lucius malfoy bei dir,erstens haben sie die notizen von der gestrigen begegnung mit lucius malfoy dabei
10,https://i.imgur.com/TeGZsx8.png,{},anmerkungen platzte harry heraus,noten platzte harry heraus
11,https://i.imgur.com/YZ2tiVo.png,{},du hast es doch bestimmt aufgeschrieben sagte der alte zauberer und seine stimme verstummte,du hast es doch sicher aufgeschrieben sagte der alte zauberer und seine stimme verstummte
12,https://i.imgur.com/IggmFgF.png,{},harry war ziemlich verlegen,harry fühlte sich ziemlich peinlich berührt
14,https://i.imgur.com/i2mmdvg.png,{},also gut sagte der schulleiter dann aus dem gedächtnis,in ordnung sagte der schulleiter dann aus dem gedächtnis
16,https://i.imgur.com/n837NQ8.png,{},harry beendete seine erinnerungen ehrlich,harry beendete seine erinnerungen aufrichtig
20,https://i.imgur.com/IdqthGz.png,{},und ich denke es wäre äußerst weise für dich von nun an jegliche interaktion mit lord malfoy zu vermeiden,und ich denke es wäre äußerst klug wenn du von nun an jeden kontakt mit lord malfoy vermeiden würdest
21,https://i.imgur.com/kCgejRT.png,{},hast du eulen von ihm zu mir abgefangen sagte harry,habt ihr eulen von ihm für mich abgefangen fragte harry
22,https://i.imgur.com/PFD6rMg.png,{},der schulleiter starrte harry einen langen moment an dann nickte er widerstrebend,der schulleiter schaute harry einen langen moment lang an und nickte dann zögernd
23,https://i.imgur.com/bRvGKyB.png,{},aus irgendeinem grund war harry nicht so empört wie er hätte sein sollen,aus irgendeinem grund war harry nicht so empört wie er es hätte sein sollen
24,https://i.imgur.com/ukp9RIr.png,{},vielleicht war es nur so dass es harry gerade sehr leicht fiel mit dem standpunkt des schulleiters zu sympathisieren,vielleicht fiel es harry gerade sehr leicht sich in den standpunkt des schulleiters hineinzuversetzen
28,https://i.imgur.com/dIfbWJq.png,{},ich habe sehr viele eulen für dich abgefangen fürchte ich sagte dumbledore nüchtern,ich fürchte ich habe sehr viele eulen für dich abgefangen sagte dumbledore nüchtern
30,https://i.imgur.com/aidP8Hh.png,{},das sagte harry der jetzt ein wenig empörung zu spüren begann scheint ein bisschen zu weit zu gehen,das sagte harry der sich jetzt ein wenig entrüstet fühlte geht wohl ein wenig zu weit -
31,https://i.imgur.com/jQXqYUF.png,{},viele dieser briefe sagte der alte zauberer leise werden dich um dinge bitten die du nicht geben kannst,viele dieser briefe sagte der alte zauberer leise werden dich um dinge bitten die du nicht geben kannst
32,https://i.imgur.com/lFDFGCr.png,{},ich habe sie natürlich nicht gelesen sondern nur unzustellbar an ihre absender zurückgeschickt,ich habe sie natürlich nicht gelesen sondern sie nur unzustellbar an den absender zurückgeschickt
33,https://i.imgur.com/w2TQrAl.png,{},aber ich weiß es denn ich empfange sie auch,aber ich weiß es denn ich empfange sie auch
34,https://i.imgur.com/ngvlBO9.png,{},und du bist zu jung harry um dir jeden morgen vor dem frühstück sechs mal das herz brechen zu lassen,und du bist zu jung harry um dir jeden morgen vor dem frühstück sechsmal das herz brechen zu lassen
35,https://i.imgur.com/Q4PYQpE.png,{},harry sah auf seine schuhe hinunter,harry schaute auf seine schuhe
37,https://i.imgur.com/uX1Dj8Z.png,{},danke murmelte harry,danke murmelte harry
38,https://i.imgur.com/dxWTT6q.png,{},der andere grund warum ich sie hierher gebeten habe sagte der alte zauberer war dass ich ihr einzigartiges genie konsultieren wollte,der andere grund warum ich dich hergebeten habe sagte der alte zauberer war dass ich dein einzigartiges genie befragen wollte
39,https://i.imgur.com/SlG5LyS.png,{'Transfiguration': 'Verwandlung'},verklärung sagte harry überrascht und geschmeichelt,transfiguration sagte harry überrascht und geschmeichelt
40,https://i.imgur.com/n1gjEx8.png,{},nein nicht dieses einzigartige genie sagte dumbledore,nein nicht dieses einzigartige genie sagte dumbledore
41,https://i.imgur.com/hwR0XjL.png,"{'Dementor': 'Dementor', 'Hogwarts': 'Hogwarts'}",sag mir harry was könntest du böses anrichten wenn ein dementor das gelände von hogwarts betreten dürfte,sag mir harry was könntest du böses anrichten wenn ein dementor auf das gelände von hogwarts gelassen würde
43,https://i.imgur.com/sMkgIUc.png,{'Patronus': 'Patronus'},professor quirrell ist nicht in der lage den patronuszauber selbst zu wirken sagte dumbledore während er langsam durch die geräte ging,professor quirrell ist nicht in der lage den patronus-zauber selbst zu wirken sagte dumbledore während er langsam durch die geräte schritt
44,https://i.imgur.com/VzBnNrx.png,{},was nie ein gutes zeichen ist,das ist nie ein gutes zeichen
46,https://i.imgur.com/ZOBOCNs.png,{},dies hat mich sehr beeindruckt,das hat mich sehr beeindruckt
47,https://i.imgur.com/MgQAIgC.png,{'Dementor': 'Dementor'},aber jetzt besteht er darauf einen dementor zu holen,aber jetzt besteht er darauf einen dementor zu bringen
49,https://i.imgur.com/TZgkLHP.png,{'Dementor': 'Dementor'},der wunsch einen echten dementor hereinzubringen ist für ihn völlig charakteristisch,einen echten dementor herbeizuschaffen ist ganz typisch für ihn
50,https://i.imgur.com/BgxgVdE.png,{},jetzt warf der schulleiter harry einen seltsamen blick zu,jetzt warf der schulleiter harry einen seltsamen blick zu
51,https://i.imgur.com/Wa7fiev.png,{},im charakter sagte der alte zauberer,in der rolle sagte der alte zauberer
52,https://i.imgur.com/VsbdAds.png,{},ich meine sagte harry es stimmt völlig mit der art und weise überein wie sich professor quirrell normalerweise verhält harry verstummte,ich meine sagte harry das passt ganz gut zu dem wie professor quirrell sich normalerweise verhält harry brach ab
53,https://i.imgur.com/Qgzusph.png,{},warum hatte er es so formuliert,warum hatte er es so formuliert
54,https://i.imgur.com/PbFLjwJ.png,{},der schulleiter nickte,der schulleiter nickte
55,https://i.imgur.com/1GDjwP5.png,{},sie haben also das gleiche gefühl wie ich dass es eine entschuldigung ist,sie haben also dasselbe gefühl wie ich dass es eine ausrede ist
56,https://i.imgur.com/qlABpnF.png,{},eine sehr vernünftige entschuldigung um sicher zu sein mehr als sie vielleicht denken,das ist sicherlich eine sehr vernünftige entschuldigung mehr als ihnen vielleicht bewusst ist
58,https://i.imgur.com/xWNQcMS.png,{},warum das so sein sollte weiß niemand aber es ist so,warum das so ist weiß niemand aber es ist so
59,https://i.imgur.com/El64XkC.png,{},harry runzelte die stirn,harry runzelte die stirn
60,https://i.imgur.com/Ckm20Wi.png,{},dann verstehe ich wirklich nicht warum du misstrauisch bist,dann verstehe ich wirklich nicht warum du verdächtig bist -
61,https://i.imgur.com/TuuP2vQ.png,{},der schulleiter breitete seine hände aus als ob er hilflos wäre,der schulleiter breitete seine hände wie in hilflosigkeit aus
62,https://i.imgur.com/c7b8P39.png,{'Hogwarts': 'Hogwarts'},harry der verteidigungsprofessor hat mich gebeten die dunkelste aller kreaturen durch die tore von hogwarts zu passieren,harry der verteidigungsprofessor hat mich gebeten die dunkelste aller kreaturen durch die tore von hogwarts zu lassen
63,https://i.imgur.com/cL4Ca9n.png,{},ich muss misstrauisch sein,ich muss verdächtig sein
64,https://i.imgur.com/HrLHrIJ.png,{},der schulleiter seufzte,der schulleiter seufzte
66,https://i.imgur.com/N8aQr9A.png,{},aber vielleicht kann ich es auch nur nicht sehen,aber vielleicht bin ich auch nur unfähig es zu sehen
67,https://i.imgur.com/P66XnoX.png,{},und deshalb frage ich sie,und darum bitte ich sie
68,https://i.imgur.com/RhSjHA2.png,{},harry starrte den schulleiter mit offenem mund an,harry starrte den schulleiter mit offenem mund an
69,https://i.imgur.com/JaOO4Kh.png,{},er war so schockiert dass er sich nicht einmal geschmeichelt fühlen konnte,er war so schockiert dass er sich nicht einmal geschmeichelt fühlte
70,https://i.imgur.com/1cKItcx.png,{},mich sagte harry,ich sagte harry
71,https://i.imgur.com/M5kfXly.png,{},ja sagte dumbledore und lächelte leicht,ja sagte dumbledore und lächelte leicht
72,https://i.imgur.com/Pn58Cze.png,{},ich versuche mein bestes um meine feinde zu antizipieren ihre bösen gedanken zu erfassen und ihre bösen gedanken vorherzusagen,ich versuche mein bestes um meine feinde vorauszusehen ihre bösen gedanken zu erfassen und ihre bösen gedanken vorherzusagen
73,https://i.imgur.com/TS0gsQ7.png,{'Hufflepuff': 'Hufflepuff'},aber ich hätte mir nie vorstellen können die knochen eines hufflepuffs zu waffen zu schärfen,aber ich wäre nie auf die idee gekommen die knochen eines hufflepuffs in waffen zu verwandeln
74,https://i.imgur.com/pFxF12D.png,{},würde harry das jemals aushalten,wird harry das jemals verwinden
76,https://i.imgur.com/K3ZCQs8.png,{},ich habe nicht gesagt dass du böse bist sagte dumbledore ernst,ich habe nicht gesagt dass du böse bist sagte dumbledore ernst
77,https://i.imgur.com/AccqcsG.png,{},es gibt leute die sagen das böse zu begreifen bedeutet böse zu werden aber sie geben nur vor weise zu sein,es gibt leute die sagen das böse zu begreifen bedeute böse zu werden aber sie tun nur so als ob sie weise wären
83,https://i.imgur.com/NbitFNt.png,{},dumbledore bat ihn professor quirrell zu überlisten,dumbledore hat ihn gebeten professor quirrell zu überlisten
84,https://i.imgur.com/XOCG11T.png,{},punkt eins harry mochte professor quirrell eher als dumbledore,punkt eins harry mochte professor quirrell lieber als dumbledore
86,https://i.imgur.com/Z1aQVeO.png,{},punkt drei,punkt drei
87,https://i.imgur.com/imAyXiH.png,{},direktor sagte harry wenn professor quirrell etwas vorhat bin ich mir nicht sicher ob ich ihn überlisten kann,schulleiter sagte harry wenn professor quirrell etwas vorhat bin ich mir nicht sicher ob ich ihn überlisten kann
88,https://i.imgur.com/v7Vl53t.png,{},er hat viel mehr erfahrung als ich,er hat viel mehr erfahrung als ich
89,https://i.imgur.com/6fU5CNg.png,{},der alte zauberer schüttelte den kopf und schaffte es irgendwie trotz seines lächelns sehr feierlich zu erscheinen,der alte zauberer schüttelte den kopf und schaffte es trotz seines lächelns sehr ernst zu wirken
90,https://i.imgur.com/90pfxQD.png,{},sie unterschätzen sich selbst,du unterschätzt dich selbst
91,https://i.imgur.com/8U1qaV1.png,{},das war das erste mal dass jemand das zu harry gesagt hatte,das war das erste mal dass jemand so etwas zu harry gesagt hatte
94,https://i.imgur.com/rmDUKV3.png,{},er ist es den ich konsultieren möchte,er ist es den ich zu rate ziehen möchte
95,https://i.imgur.com/K76N94Y.png,{},harry unterdrückte die kälte die ihn bei dem namen durchfuhr und sah den schulleiter nachdenklich an,harry unterdrückte den schauer der ihn bei diesem namen durchlief und blickte den schulleiter nachdenklich an
96,https://i.imgur.com/rE0Jo98.png,{},wie viel weiß er,wie viel weiß er
97,https://i.imgur.com/bi7t58I.png,{},der schulleiter hatte harry im griff seiner mysteriösen dunklen seite gesehen so tief wie harry jemals darin versunken war,der schulleiter hatte harry im griff seiner geheimnisvollen dunklen seite gesehen so tief wie harry jemals in sie versunken war
99,https://i.imgur.com/teRJtMs.png,{},natürlich wäre dem schulleiter etwas seltsames an dem jungen in seinem büro aufgefallen,natürlich hätte der schulleiter etwas an dem jungen in seinem büro bemerkt
100,https://i.imgur.com/APFDoTC.png,{'Dark Lord': 'Dunkler Lord'},und dumbledore war zu dem schluss gekommen dass sein lieblingsheld gerissen war um seinem bestimmten feind dem dunklen lord gerecht zu werden,und dumbledore war zu dem schluss gekommen dass sein lieblingsheld über die gleiche gerissenheit verfügte wie sein auserkorener feind der dunkle lord
102,https://i.imgur.com/ciwmEsd.png,{},genug list um es mit professor quirrell aufzunehmen wäre ein ganz anderes problem,genügend gerissenheit um es mit professor quirrell aufzunehmen wäre ein ganz anderes problem
105,https://i.imgur.com/QmzMdrI.png,{'Dementor': 'Dementor'},erzähl mir sagte harry alles darüber wie der dementor hereingebracht und bewacht werden soll,erzählen sie mir sagte harry alles darüber wie der dementor hereingebracht werden soll und wie er bewacht werden soll
106,https://i.imgur.com/beL4nIg.png,{},dumbledores augenbrauen hoben sich für einen moment und dann begann der alte zauberer zu sprechen,dumbledores augenbrauen hoben sich einen moment lang dann begann der alte zauberer zu sprechen
108,https://i.imgur.com/KyR2lJf.png,"{'Dementor': 'Dementor', 'Hogwarts': 'Hogwarts'}",sie würden am rand des geländes von dumbledore abgeholt werden der den dementor durch die hogwarts-stationen führen würde -,am rande des geländes wurden sie von dumbledore erwartet der den dementor durch die hogwarts-schutzmauer schickte
112,https://i.imgur.com/ZSViStY.png,"{'Dementor': 'Dementor', 'Patronus': 'Patronus'}",dumbledore würde mit seinem patronus am käfig des dementors warten,dumbledore würde mit seinem patronus beim käfig des dementors warten
114,https://i.imgur.com/pUzwCtL.png,{},der frühere duellmeister professor flitwick würde auch anwesend sein während studenten in der nähe waren nur um die sicherheitsmarge zu erhöhen,der frühere duell-champion professor flitwick würde ebenfalls anwesend sein wenn schüler in der nähe waren um die sicherheit zu erhöhen
115,https://i.imgur.com/pbGZ5dY.png,{'Dementor': 'Dementor'},warum wartest du nur beim dementor sagte harry,warum wartest du nur bei dem dementor fragte harry
116,https://i.imgur.com/84nJEyu.png,{'Auror': 'Auror'},ich meine solltest du es nicht sein und ein auror,ich meine solltest nicht du und ein auror -
117,https://i.imgur.com/qAH7RnC.png,{},der schulleiter schüttelte den kopf,der schulleiter schüttelte den kopf
118,https://i.imgur.com/Es6jcvL.png,"{'Dementor': 'Dementor', 'Patronus': 'Patronus'}",sie konnten der wiederholten exposition gegenüber dem dementor nicht standhalten jedes mal wenn ich meinen patronus zerstreue,sie konnten der wiederholten einwirkung des dementors nicht standhalten jedes mal wenn ich meinen patronus auflöste
120,https://i.imgur.com/1rC4S1h.png,{},harry stocherte und stupste aber er konnte keinen fehler in der sicherheit erkennen,harry stocherte herum aber er konnte keine lücke in der sicherung entdecken
121,https://i.imgur.com/j8VFnHM.png,{},also holte harry tief luft sank weiter in den stuhl schloss die augen und erinnerte sich,also holte harry tief luft sank weiter in den stuhl schloss die augen und erinnerte sich
122,https://i.imgur.com/Laz1bgk.png,{},und das werden fünf punkte sein,und das wären dann fünf punkte
123,https://i.imgur.com/BdRMSUP.png,{'Ravenclaw': 'Ravenclaw'},nein lassen sie uns aus ravenclaw gerade einmal zehn punkte für das backchat machen,nein lasst uns zehn punkte von ravenclaw für backchat ausgeben
124,https://i.imgur.com/DQ541rR.png,{},die kälte kam jetzt langsamer widerwilliger harry hatte in letzter zeit nicht viel nach seiner dunklen seite gerufen,die kälte kam jetzt langsamer widerwilliger harry hatte in letzter zeit nicht viel von seiner dunklen seite abgerufen
126,https://i.imgur.com/UnQeIET.png,{'Dementor': 'Dementor'},und dann dachte er an den dementor,und dann dachte er an den dementor
127,https://i.imgur.com/ZTXNy13.png,{},und es war offensichtlich,und das war offensichtlich
128,https://i.imgur.com/kWZwWd3.png,{'Dementor': 'Dementor'},der dementor ist eine ablenkung sagte harry,der dementor ist eine ablenkung sagte harry
129,https://i.imgur.com/zQnPquO.png,{},die kälte war klar in seiner stimme denn das war es was dumbledore wollte und erwartete,die kälte in seiner stimme war klar denn das war es was dumbledore wollte und erwartete
130,https://i.imgur.com/HztZVos.png,{},eine große markante bedrohung aber am ende unkompliziert und leicht zu verteidigen,eine große auffällige bedrohung aber letztlich überschaubar und leicht abzuwehren
131,https://i.imgur.com/4W9eNoc.png,{'Dementor': 'Dementor'},während also ihre ganze aufmerksamkeit auf den dementor gerichtet ist wird die eigentliche handlung woanders stattfinden,während sich also eure ganze aufmerksamkeit auf den dementor richtet findet die eigentliche handlung woanders statt
132,https://i.imgur.com/sX7bIJF.png,{},dumbledore starrte harry einen moment lang an und nickte dann langsam,dumbledore starrte harry einen moment lang an und nickte dann langsam
133,https://i.imgur.com/hBcH5mz.png,{},ja sagte der schulleiter,ja sagte der schulleiter
134,https://i.imgur.com/PuFJV3E.png,{},und ich glaube ich weiß wovon es ablenken könnte wenn professor quirrell schlecht meint danke harry,und ich glaube ich weiß wovon es ablenken könnte wenn professor quirrell es böse meint danke harry
135,https://i.imgur.com/Qe7pC0p.png,{},der schulleiter starrte harry immer noch an ein seltsamer ausdruck in diesen alten augen,der schulleiter starrte harry immer noch an mit einem seltsamen blick in diesen alten augen
136,https://i.imgur.com/iiYfdW8.png,{},was sagte harry mit einem anflug von verärgerung die kälte lag noch immer in seinem blut,was sagte harry mit einem anflug von verärgerung da ihm die kälte noch im blut lag
137,https://i.imgur.com/zQVceQf.png,{},ich habe noch eine frage an diesen jungen mann sagte der schulleiter,ich habe noch eine frage an den jungen mann sagte der schulleiter
138,https://i.imgur.com/cAG5nGp.png,{},es ist etwas das ich mir schon lange gefragt habe aber nicht begreifen konnte warum,das ist etwas was ich mich schon lange frage aber nicht begreifen kann warum
139,https://i.imgur.com/nDej0Az.png,{},in seiner stimme lag ein anflug von schmerz,in seiner stimme lag ein hauch von schmerz
140,https://i.imgur.com/zfvKRqj.png,{},warum sollte sich jemand absichtlich zu einem monster machen,warum sollte sich jemand absichtlich zu einem monster machen
141,https://i.imgur.com/5U7mS4O.png,{},warum böses tun um des bösen willen,warum böses tun um des bösen willen
142,https://i.imgur.com/UgEMqje.png,{},warum voldemort,warum voldemort
143,https://i.imgur.com/9gqb6X1.png,{},surren bzzzt ticken ding puff splat,zirpen bzzzt tick ding puff platsch
144,https://i.imgur.com/h8z9tN9.png,{},harry starrte den schulleiter überrascht an,harry starrte den schulleiter erstaunt an
145,https://i.imgur.com/ChqBtA9.png,{},woher soll ich das wissen sagte harry,woher soll ich das wissen sagte harry
146,https://i.imgur.com/n8siSDr.png,{'Dark Lord': 'Dunkler Lord'},soll ich den dunklen lord magisch verstehen weil ich der held bin oder so,soll ich den dunklen lord auf magische weise verstehen weil ich der held bin oder was
147,https://i.imgur.com/wq5WBDC.png,{},jawohl sagte dumbledore,ja sagte dumbledore
148,https://i.imgur.com/la2PWQ5.png,{'Grindelwald': 'Grindelwald'},mein eigener großer feind war grindelwald und ich verstand ihn wirklich sehr gut,mein eigener großer feind war grindelwald und ihn habe ich sehr gut verstanden
151,https://i.imgur.com/D7wQ60y.png,{},und ihn habe ich am ende besiegt,und ihn habe ich am ende besiegt
152,https://i.imgur.com/eQM5MHH.png,{},aber dann kam voldemort nach ihm um alles zu zerstören was ich in großbritannien beschützt hatte,aber nach ihm kam voldemort um alles zu zerstören was ich in großbritannien beschützt hatte
153,https://i.imgur.com/0mcETtj.png,{},der schmerz war jetzt deutlich in dumbledores stimme enthüllt auf seinem gesicht,der schmerz war jetzt deutlich in dumbledores stimme zu hören und auf seinem gesicht zu sehen
154,https://i.imgur.com/u8ykeHk.png,{'Grindelwald': 'Grindelwald'},er hat weit schlimmere taten begangen als grindelwalds schlimmste horror um des horrors willen,er hat weitaus schlimmere taten begangen als grindelwalds schlimmste horror um des horrors willen
155,https://i.imgur.com/dweXLaQ.png,{},ich habe alles geopfert nur um ihn zurückzuhalten und ich verstehe immer noch nicht warum,ich habe alles geopfert nur um ihn zurückzuhalten und ich verstehe immer noch nicht warum
156,https://i.imgur.com/62U3G5f.png,{},warum harry,warum harry
157,https://i.imgur.com/Xyez4oy.png,{},warum hat er das getan,warum hat er das getan
158,https://i.imgur.com/HUsnvUI.png,{},er war nie mein bestimmter feind aber deiner also wenn du irgendwelche vermutungen hast harry dann sag es mir bitte warum,er war nie mein auserkorener feind sondern deiner also wenn du irgendeine vermutung hast harry dann sag sie mir bitte warum
159,https://i.imgur.com/VHKmsAZ.png,{},harry starrte auf seine hände hinunter,harry starrte auf seine hände hinunter
160,https://i.imgur.com/uNFfkyL.png,{'Dark Lord': 'Dunkler Lord'},die wahrheit war dass harry den dunklen lord noch nicht gelesen hatte und im moment hatte er nicht die geringste ahnung,die wahrheit war dass harry noch nichts über den dunklen lord gelesen hatte und im moment hatte er nicht die geringste ahnung davon
161,https://i.imgur.com/yCjXRUv.png,{},und irgendwie schien das keine antwort zu sein die der schulleiter hören wollte,und irgendwie schien das keine antwort zu sein die der schulleiter hören wollte
162,https://i.imgur.com/qbPzDIs.png,{},vielleicht zu viele dunkle rituale,vielleicht zu viele dunkle rituale
164,https://i.imgur.com/wayUsu5.png,{},nein jetzt war die stimme des schulleiters gequält das kann ich nicht glauben harry,nein jetzt klang die stimme des schulleiters gequält das kann ich nicht glauben harry
165,https://i.imgur.com/NAmojG8.png,{},da muss noch etwas mehr drin sein,da muss doch noch mehr dahinterstecken
167,https://i.imgur.com/VZeO7et.png,{},es tut mir leid schulleiter,es tut mir leid herr direktor
168,https://i.imgur.com/NYIt3SN.png,"{'The Dark Lord': 'Dunkle Lord, Der', 'Dark Lord': 'Dunkler Lord'}",der dunkle lord kommt mir nicht wie ein dunkler spiegel vor überhaupt nicht,der dunkle herrscher scheint mir nicht gerade ein dunkler spiegel zu sein ganz und gar nicht
170,https://i.imgur.com/2FbLEqN.png,{},haben sie keine weisheit zu teilen sagte dumbledore,hast du keine weisheit zu teilen fragte dumbledore
171,https://i.imgur.com/smu9MRF.png,{},in der stimme des alten zauberers lag ein flehen fast ein betteln,in der stimme des alten zauberers lag ein flehen fast ein betteln
172,https://i.imgur.com/D2hOhjX.png,{},das böse passiert dachte harry es hat nichts zu bedeuten oder uns etwas zu lehren außer nicht böse zu sein,das böse passiert dachte harry es bedeutet nichts und lehrt uns nichts außer dass wir nicht böse sein sollen
175,https://i.imgur.com/oGGhOer.png,{},und nichts davon wollte der schulleiter natürlich hören,und nichts davon war offensichtlich das was der schulleiter hören wollte
177,https://i.imgur.com/od3QJFt.png,{},nun klug zu klingen war nicht schwer,nun weise zu klingen war nicht schwer
180,https://i.imgur.com/c7VRmxK.png,{},direktor sagte harry feierlich ich würde mich lieber nicht über meine feinde definieren,schulleiter sagte harry feierlich ich möchte mich nicht durch meine feinde definieren
181,https://i.imgur.com/L24t1IU.png,{},irgendwie herrschte sogar inmitten all des surrens und tickens eine art stille,irgendwie herrschte sogar inmitten all des surren und tickens eine art stille
182,https://i.imgur.com/nc65zGv.png,{},das war etwas tiefer weise herausgekommen als harry beabsichtigt hatte,das war ein bisschen weiser rübergekommen als harry beabsichtigt hatte
183,https://i.imgur.com/ANrXEzX.png,{},sie können sehr weise sein harry sagte der schulleiter langsam,du bist vielleicht sehr weise harry sagte der schulleiter langsam
184,https://i.imgur.com/cycYbrW.png,{},ich wünschte ich hätte von meinen freunden definiert werden können,ich wünschte ich hätte mich von meinen freunden definieren lassen können
185,https://i.imgur.com/S1gnIR8.png,{},der schmerz in seiner stimme war tiefer geworden,der schmerz in seiner stimme war tiefer geworden
186,https://i.imgur.com/iPR0cAu.png,{},harrys verstand suchte hastig nach etwas anderem deeply wise zu sagen das die unbeabsichtigte wucht des schlags mildern würde -,harrys gedanken suchten hastig nach etwas anderem das er sagen konnte um die unbeabsichtigte wucht des schlages abzumildern
188,https://i.imgur.com/VP1J88O.png,{},ich weiß dass es in jeder generation immer das rätsel ist das den wissenschaftler ausmacht,ich weiß dass es immer in jeder generation das rätsel ist das den wissenschaftler ausmacht
189,https://i.imgur.com/1JNVhFJ.png,{},es ist ein schreckliches schicksal zu dem sie mein haus verurteilen harry sagte der schulleiter,es ist ein furchtbares schicksal zu dem du mein haus verdammst harry sagte der schulleiter
190,https://i.imgur.com/tiMCoQV.png,{},der schmerz war immer noch in seiner stimme,der schmerz war immer noch in seiner stimme zu hören
191,https://i.imgur.com/aOHM5p3.png,{},für den moment wo sie das bemerken denke ich dass ich sehr von meinen feinden gemacht wurde,denn jetzt wo du es ansprichst denke ich dass ich sehr wohl von meinen feinden gemacht wurde
192,https://i.imgur.com/44Qnns2.png,{},harry starrte auf seine eigenen hände die in seinem schoß lagen,harry starrte auf seine eigenen hände die in seinem schoß lagen
193,https://i.imgur.com/r7xkoGQ.png,{},vielleicht sollte er einfach die klappe halten während er vorne war,vielleicht sollte er einfach die klappe halten solange er noch im vorteil ist
194,https://i.imgur.com/jNDXEoQ.png,{},aber sie haben meine frage beantwortet sagte dumbledore leiser als ob er zu sich selbst wäre,aber du hast meine frage beantwortet sagte dumbledore leiser als wäre er bei sich selbst
195,https://i.imgur.com/4MkGWjK.png,{'Slytherin': 'Slytherin'},ich hätte erkennen müssen dass das der schlüssel eines slytherins ist,ich hätte wissen müssen dass das der schlüssel eines slytherins ist
197,https://i.imgur.com/QHMOmek.png,{},und sie harry sagte der schulleiter sie nennen sich wissenschaftler,und du harry sagte der schulleiter du nennst dich einen wissenschaftler
198,https://i.imgur.com/TKtp2m7.png,{},seine stimme war von berraschung und leichter missbilligung durchsetzt,in seiner stimme klangen berraschung und leichte missbilligung mit
199,https://i.imgur.com/s1dWofD.png,{},du magst keine wissenschaft sagte harry ein wenig müde,du magst die wissenschaft nicht sagte harry ein wenig müde
200,https://i.imgur.com/HmfI6ac.png,{'Muggle': 'Muggel'},er hatte gehofft dass dumbledore muggelsachen mögen würde,er hatte gehofft dumbledore würde sich für muggelsachen interessieren
201,https://i.imgur.com/ZEmlM3a.png,{},ich nehme an es ist nützlich für diejenigen ohne zauberstäbe sagte dumbledore stirnrunzelnd,ich nehme an es ist für diejenigen nützlich die keinen zauberstab haben sagte dumbledore und runzelte die stirn
202,https://i.imgur.com/B6LSYBe.png,{},aber es scheint eine seltsame sache zu sein sich selbst zu definieren,aber es scheint eine seltsame sache zu sein über die man sich definiert
203,https://i.imgur.com/7mbrqdE.png,{},ist wissenschaft so wichtig wie liebe,ist die wissenschaft so wichtig wie die liebe
204,https://i.imgur.com/V1mRydg.png,{},als freundlichkeit,als freundlichkeit
205,https://i.imgur.com/OmrOZrU.png,{},als freundschaft,als freundschaft
206,https://i.imgur.com/38YkPrg.png,{},ist es die wissenschaft die sie an minerva mcgonagall lieb gewinnt,ist es die wissenschaft die sie für minerva mcgonagall begeistern kann
207,https://i.imgur.com/f4u9Qz0.png,{},ist es die wissenschaft die sie dazu bringt sich um hermine granger zu kümmern,ist es die wissenschaft die sie für hermine granger begeistern kann
208,https://i.imgur.com/5FZGVyg.png,{'Will': 'Will'},wirst du dich der wissenschaft zuwenden wenn du versuchst wärme in draco malfoys herzen zu entfachen,wird es die wissenschaft sein der du dich zuwendest wenn du versuchst wärme in draco malfoys herz zu entfachen
209,https://i.imgur.com/jd15RvT.png,{},weißt du das traurige daran ist dass du wahrscheinlich denkst dass du gerade ein unglaublich weises knockdown-argument geäußert hast,wissen sie das traurige ist dass sie wahrscheinlich denken sie hätten gerade ein unglaublich kluges totschlagargument vorgebracht
210,https://i.imgur.com/hPex6Eu.png,{},nun wie soll man die erwiderung so formulieren dass sie auch unglaublich weise klang,nun wie formuliert man die erwiderung so dass sie auch noch unglaublich weise klingt
212,https://i.imgur.com/FNdUZvI.png,{},die augenbrauen des schulleiters hoben sich,die augenbrauen des schulleiters hoben sich
213,https://i.imgur.com/bTRVAYA.png,{},und dann seufzte er,und dann seufzte er
214,https://i.imgur.com/tF86Wia.png,{},wie bist du so weise geworden so jung,wie bist du so weise geworden so jung
215,https://i.imgur.com/rgaTGQg.png,{},der alte zauberer klang traurig als er es sagte,der alte zauberer klang traurig als er das sagte
216,https://i.imgur.com/hN9sOsV.png,{},vielleicht wird es sich für sie als wertvoll erweisen,vielleicht wird es sich für sie als nützlich erweisen
217,https://i.imgur.com/WctryJb.png,{},nur um alte zauberer zu beeindrucken die von sich selbst übermäßig beeindruckt sind dachte harry,nur um alte zauberer zu beeindrucken die zu sehr von sich selbst beeindruckt sind dachte harry
220,https://i.imgur.com/8wKMMhA.png,{},der schulleiter nickte ernst und sagte in der tat,der schulleiter nickte ernst und sagte in der tat
221,https://i.imgur.com/UMVlCPH.png,{},harry stand aus dem stuhl auf und streckte seine arme aus,harry erhob sich aus dem stuhl und streckte die arme aus
222,https://i.imgur.com/lNS0N7Y.png,{'Dark Lord': 'Dunkler Lord'},nun ich gehe besser los und liebe etwas das wird mir helfen den dunklen lord zu besiegen,dann gehe ich besser los und liebe etwas das mir helfen wird den dunklen lord zu besiegen
223,https://i.imgur.com/aEji3f7.png,{},und wenn du mich das nächste mal um rat fragst umarme ich dich einfach -,und wenn du mich das nächste mal um rat fragst umarme ich dich einfach -
224,https://i.imgur.com/sXnGE5j.png,{},heute haben sie mir sehr geholfen harry sagte der schulleiter,heute hast du mir sehr geholfen harry sagte der schulleiter
225,https://i.imgur.com/NDYj0og.png,{},und deshalb gibt es eine letzte frage die ich diesen jungen mann stellen würde,und so gibt es noch eine letzte sache die ich den jungen mann fragen möchte
226,https://i.imgur.com/hQu58WF.png,{},groß,großartig
228,https://i.imgur.com/nSmujBW.png,{},h sagte harry sorry da muss ich die dark wizards unterstützen,h sagte harry tut mir leid da muss ich den dunklen zauberern recht geben
229,https://i.imgur.com/4g5GjYg.png,{},wusch zischen klingeln glorp knall blase -,rauschen zischen glockenspiel glorp pop bubble -
230,https://i.imgur.com/kA42EF8.png,{},was sagte dumbledore,was sagte dumbledore
231,https://i.imgur.com/hrtkmIS.png,{},der tod ist schlimm sagte harry und verwarf seine weisheit um eine klare kommunikation zu ermöglichen,der tod ist schlecht sagte harry und ließ die weisheit zugunsten einer klaren kommunikation beiseite
232,https://i.imgur.com/23HYUhA.png,{},sehr schlecht extrem schlecht,sehr schlecht ußerst schlecht
233,https://i.imgur.com/VMa3P1e.png,{'Being': 'Zauberwesen'},angst vor dem tod zu haben ist wie angst vor einem großen monster mit giftigen reißzähnen zu haben,die angst vor dem tod ist wie die angst vor einem großen ungeheuer mit giftzähnen
234,https://i.imgur.com/Mo3CL3e.png,{},es macht tatsächlich sehr viel sinn und deutet nicht darauf hin dass sie ein psychisches problem haben,das ist eigentlich sehr sinnvoll und deutet nicht darauf hin dass sie ein psychisches problem haben
235,https://i.imgur.com/XaDx5mi.png,{},der schulleiter starrte ihn an als ob er sich gerade in eine katze verwandelt hätte,der schulleiter starrte ihn an als hätte er sich gerade in eine katze verwandelt
236,https://i.imgur.com/w5bHPr5.png,{},okay sagte harry lass es mich so ausdrücken,okay sagte harry lass es mich so ausdrücken
237,https://i.imgur.com/qgYxydD.png,{'Muggle': 'Muggel'},willst du sterben denn wenn ja gibt es dieses muggel-ding namens hotline zur selbstmordprävention,willst du sterben denn wenn ja gibt es diese muggelsache die sich selbstmordpräventionshotline nennt -
238,https://i.imgur.com/6XPqvcF.png,{},wenn es soweit ist sagte der alte zauberer leise nicht bevor,wenn die zeit gekommen ist sagte der alte zauberer leise nicht vorher
239,https://i.imgur.com/blubelN.png,{},ich würde niemals versuchen den tag zu beschleunigen oder ihn abzulehnen wenn er kommt,ich würde nie versuchen den tag zu beschleunigen noch ihn zu verweigern wenn er kommt
240,https://i.imgur.com/c2YFHE2.png,{},harry runzelte die stirn,harry runzelte ernsthaft die stirn
241,https://i.imgur.com/0xCbOLA.png,{},das hört sich nicht so an als hättest du einen sehr starken lebenswillen schulleiter,das klingt nicht so als hätten sie einen besonders starken lebenswillen herr direktor
243,https://i.imgur.com/oO71Y8j.png,{},ich glaube ich habe mich vielleicht nicht klar ausgedrückt,ich glaube ich habe mich nicht klar ausgedrückt
244,https://i.imgur.com/0vzwdnu.png,{},dark wizards sind nicht lebenslustig,dunkle zauberer sind nicht erpicht darauf zu leben
245,https://i.imgur.com/11Fyht3.png,{},sie fürchten den tod,sie fürchten den tod
248,https://i.imgur.com/ZveNrfO.png,{},willst du ewig leben harry,willst du ewig leben harry
249,https://i.imgur.com/VfsZmIf.png,{},ja und du auch sagte harry,ja und du auch sagte harry
250,https://i.imgur.com/AQcPJFt.png,{},ich möchte noch einen tag leben,ich möchte noch einen tag leben
251,https://i.imgur.com/zmzxWy6.png,{},morgen will ich noch einen tag leben,morgen werde ich noch einen weiteren tag leben wollen
252,https://i.imgur.com/YvQJHEQ.png,{},deshalb will ich ewig leben beweis durch induktion über die positiven ganzen zahlen,deshalb will ich ewig leben beweis durch induktion über die positiven ganzen zahlen
253,https://i.imgur.com/lMAI7TE.png,{},wenn du nicht sterben willst bedeutet das dass du ewig leben willst,wenn man nicht sterben will bedeutet das dass man ewig leben will
254,https://i.imgur.com/lxgux7j.png,{},wenn du nicht ewig leben willst heißt das dass du sterben willst,wenn man nicht ewig leben will bedeutet das dass man sterben will
255,https://i.imgur.com/movNJ7m.png,{},du musst das eine oder andere machen,man muss das eine oder das andere tun
256,https://i.imgur.com/nka6Ioy.png,{},ich komme hier nicht durch oder,ich komme hier nicht durch oder
257,https://i.imgur.com/ZA1vS1a.png,{},die beiden kulturen starrten sich über eine riesige lücke der inkommensurabilität hinweg an,die beiden kulturen starrten sich über eine riesige kluft der inkommensurabilität hinweg an
259,https://i.imgur.com/Cu9r3q2.png,{},ich habe sehr viele dinge gesehen und getan von denen ich mir wünschte ich hätte sie nie gesehen oder getan,ich habe sehr viele dinge gesehen und getan von denen ich wünschte ich hätte sie nie gesehen oder getan
260,https://i.imgur.com/5JeIVYh.png,{},und doch bereue ich es nicht am leben zu sein denn das wachsen meiner schüler ist eine freude die mich noch nicht angegriffen hat,und doch bereue ich es nicht am leben zu sein denn meine schüler wachsen zu sehen ist eine freude die mich nicht müde macht
261,https://i.imgur.com/CeDPLnm.png,{},aber so lange möchte ich nicht leben,aber ich möchte nicht so lange leben bis es soweit ist
262,https://i.imgur.com/NRWEtXY.png,{},was würdest du mit der ewigkeit machen harry,was würdest du mit der ewigkeit anfangen harry
263,https://i.imgur.com/7MYeM7b.png,{},harry atmete tief durch,harry holte tief luft
265,https://i.imgur.com/OV6neYv.png,{},ich habe nicht viel davon verstanden sagte dumbledore,ich habe nicht viel davon verstanden sagte dumbledore
267,https://i.imgur.com/YLHAaj5.png,{},das leben ist keine endliche liste von dingen die man abhaken kann bevor man sterben darf sagte harry fest,das leben ist keine endliche liste von dingen die man abhaken kann bevor man sterben darf sagte harry entschieden
268,https://i.imgur.com/GhmOlVf.png,{},es ist das leben du lebst es einfach weiter,so ist das leben man muss es einfach weiterleben
269,https://i.imgur.com/88wvAQ2.png,{},wenn ich diese dinge nicht tue dann deshalb weil ich etwas besseres gefunden habe,wenn ich diese dinge nicht tue dann deshalb weil ich etwas besseres gefunden habe
270,https://i.imgur.com/zVxDVfx.png,{},dumbledore seufzte,dumbledore seufzte
273,https://i.imgur.com/QC52eOp.png,{},aber zweihundert jahre wären des guten einfach zu viel,aber zweihundert jahre wären einfach zu viel des guten
275,https://i.imgur.com/VR73mtS.png,{},harrys stimme wurde hart bei diesem letzten wort,harrys stimme wurde bei diesem letzten wort hart
276,https://i.imgur.com/AYnMk3l.png,{},vielleicht sagte der alte zauberer friedlich,vielleicht sagte der alte zauberer friedlich
277,https://i.imgur.com/F8QKXfs.png,{},ich möchte nicht vor meinen freunden sterben oder weiterleben nachdem sie alle gegangen sind,ich möchte nicht vor meinen freunden sterben und auch nicht weiterleben wenn sie alle fort sind
280,https://i.imgur.com/jPm72Tn.png,{},oh sagte harry in plötzlicher erkenntnis,oh sagte harry in plötzlicher erkenntnis
281,https://i.imgur.com/uv0rX49.png,{},du glaubst an ein leben nach dem tod,du glaubst an ein leben nach dem tod
282,https://i.imgur.com/jvarx75.png,{},ich habe den eindruck zauberer hätten keine religion,ich hatte den eindruck dass zauberer keine religion haben
283,https://i.imgur.com/w7zbhXy.png,{},blasen signalton thud,hupen piepsen aufprall
284,https://i.imgur.com/x754Bb0.png,{},wie kannst du es nicht glauben sagte der schulleiter und sah völlig verblüfft aus,wie können sie das nicht glauben fragte der schulleiter und sah völlig verblüfft aus
285,https://i.imgur.com/fYBTgEN.png,{},harry du bist ein zauberer,harry du bist ein zauberer
286,https://i.imgur.com/vnvbfxC.png,{},du hast geister gesehen,du hast gespenster gesehen
287,https://i.imgur.com/c5rYA9X.png,{'Ghosts': 'Geister'},geister sagte harry mit flacher stimme,geister sagte harry mit flacher stimme
290,https://i.imgur.com/f457Szo.png,{},es ist eine der dümmsten ideen die ich seit hundertzehn jahren gehört habe,das ist eine der dümmsten ideen die ich in den letzten hundertzehn jahren gehört habe
291,https://i.imgur.com/JXekbGj.png,{},ja geister lernen oder wachsen nicht denn hier gehören sie nicht hin,ja geister lernen und entwickeln sich nicht denn sie gehören nicht hierher
292,https://i.imgur.com/sLGXTiY.png,{},seelen sollen weiterziehen für sie ist hier kein leben mehr,die seelen sind dazu bestimmt weiterzugehen hier gibt es kein leben mehr für sie
293,https://i.imgur.com/PV0XVnY.png,{},und wenn keine geister was ist dann mit dem schleier,und wenn nicht geister was ist dann mit dem schleier
294,https://i.imgur.com/edKlWVf.png,{},was ist mit dem auferstehungsstein,was ist mit dem stein der auferstehung
295,https://i.imgur.com/uH2YdUw.png,{},in ordnung sagte harry und versuchte seine stimme ruhig zu halten ich werde deine beweise hören denn das ist die aufgabe eines wissenschaftlers,in ordnung sagte harry und versuchte seine stimme ruhig zu halten ich werde mir ihre beweise anhören denn das ist es was ein wissenschaftler tut
296,https://i.imgur.com/CSp0eo2.png,{},aber zuerst schulleiter lassen sie mich ihnen eine kleine geschichte erzählen,aber zuerst herr direktor möchte ich ihnen eine kleine geschichte erzählen
297,https://i.imgur.com/PLi3CYn.png,{},harrys stimme zitterte,harrys stimme zitterte
299,https://i.imgur.com/GSykinA.png,{},ich hatte keine geister erwartet,ich hatte nicht mit geistern gerechnet
300,https://i.imgur.com/GwCPAQK.png,{},als ich sie sah direktor habe ich etwas wirklich dummes getan,als ich sie sah herr direktor habe ich etwas wirklich dummes getan
301,https://i.imgur.com/wWKAeSy.png,{},ich habe voreilige schlüsse gezogen,ich habe voreilige schlüsse gezogen
303,https://i.imgur.com/K9IdBDS.png,{},harry flüsterte dumbledore,harry flüsterte dumbledore
304,https://i.imgur.com/QOAt7xD.png,{},wasser glitzerte in den augen des alten zauberers,wasser glitzerte in den augen des alten zauberers
305,https://i.imgur.com/LmaHfBF.png,{},er trat einen schritt näher durch das büro -,er ging einen schritt näher durch das büro -
307,https://i.imgur.com/cNThe9l.png,{},und ich hätte es wissen müssen,und ich hätte es wissen müssen
308,https://i.imgur.com/DPq7RhO.png,{},ich hätte es wissen müssen ohne dass ich fragen musste,ich hätte es wissen müssen ohne überhaupt zu fragen
309,https://i.imgur.com/lwnWk8R.png,{},ich hätte es nicht einmal dreißig sekunden lang glauben sollen,ich hätte es nicht einmal dreißig sekunden lang glauben dürfen
312,https://i.imgur.com/u6m0262.png,{},und ich hatte bereits gesehen dass sich die leute in der zaubererwelt nicht so verhalten,und ich hatte bereits gesehen dass sich die menschen in der zaubererwelt nicht so verhielten
313,https://i.imgur.com/Nq632vp.png,{},also hätte ich es besser wissen müssen,ich hätte es also besser wissen müssen
315,https://i.imgur.com/2k6ScDe.png,{},das gesicht des alten zauberers war entsetzt er öffnete den mund um zu sprechen -,das gesicht des alten zauberers war entsetzt er öffnete den mund um zu sprechen -
316,https://i.imgur.com/c8Tab70.png,{},also erzähl es mir schulleiter erzähl mir von den beweisen,also sagen sie es mir herr direktor erzählen sie mir von den beweisen
318,https://i.imgur.com/8c7vl8J.png,{},was ist der schleier,was ist der schleier
319,https://i.imgur.com/LxFHNLn.png,{},harry griff nach oben und wischte sich über die wangen während die glasgegenstände des büros von seinem letzten schrei aufhörten zu vibrieren,harry griff nach oben und wischte sich über die wangen während die glasscheiben des büros von seinem letzten schrei aufhörten zu vibrieren
321,https://i.imgur.com/APsOkXo.png,{},und woher weiß das jemand sagte harry,und woher weiß man das fragte harry
322,https://i.imgur.com/GXXcayV.png,{},sag mir nicht was du glaubst sag mir was du gesehen hast,sagen sie mir nicht was sie glauben sondern was sie gesehen haben
327,https://i.imgur.com/AS2zqdx.png,{},harry sagte der schulleiter und begann ziemlich besorgt auszusehen,harry sagte der schulleiter und sah langsam ziemlich besorgt aus
328,https://i.imgur.com/mVnn6YW.png,{},ich kann ihnen die wahrheit sagen aber wenn sie sich weigern es zu hören,ich kann dir die wahrheit sagen aber wenn du sie nicht hören willst
329,https://i.imgur.com/hsq7ekW.png,{},auch nicht interessant,auch nicht interessant
330,https://i.imgur.com/HoSFksD.png,{},was ist der auferstehungsstein,was ist der stein der auferstehung
332,https://i.imgur.com/PIvdTJG.png,{},der auferstehungsstein war einer der drei legendären heiligtümer des todes verwandt mit harrys umhang,der stein der auferstehung war einer der drei legendären heiligtümer des todes verwandt mit harrys umhang
335,https://i.imgur.com/aL3P3K8.png,{},und mit der zeit machte es ihn wahnsinnig und er brachte sich um um wieder wirklich bei ihr zu sein,und mit der zeit trieb es ihn in den wahnsinn und er brachte sich um um noch einmal wirklich mit ihr zusammen zu sein
336,https://i.imgur.com/MYERJcy.png,{},in aller höflichkeit hob harry seine hand,in aller höflichkeit hob harry die hand
337,https://i.imgur.com/SDTLiIs.png,{},jawohl sagte der schulleiter widerstrebend,ja sagte der schulleiter zögernd
340,https://i.imgur.com/zfm6m4F.png,{},deine tote frau und frag sie wo sie ihren verlorenen ohrring gelassen hat oder so ähnlich beendete harry,deine tote frau und frage sie wo sie ihren verlorenen ohrring gelassen hat oder so etwas in der art beendete harry
341,https://i.imgur.com/mkKft4p.png,{},hat jemand solche tests gemacht,hat jemand solche tests gemacht
342,https://i.imgur.com/F2KhFxr.png,{},der auferstehungsstein ist seit jahrhunderten verloren harry sagte der schulleiter leise,der stein der auferstehung ist seit jahrhunderten verschollen harry sagte der schulleiter leise
343,https://i.imgur.com/YwlYY5c.png,{},harry zuckte mit den schultern,harry zuckte mit den schultern
344,https://i.imgur.com/wmztW8L.png,{},nun ich bin wissenschaftler und immer bereit mich überzeugen zu lassen,nun ich bin wissenschaftler und immer bereit mich überzeugen zu lassen
346,https://i.imgur.com/JUDiFQu.png,{},weißt du also wo du den auferstehungsstein findest,wissen sie etwas darüber wo man den stein der auferstehung finden kann
348,https://i.imgur.com/jXMebdf.png,{},dumbledore starrte harry an,dumbledore starrte harry an
349,https://i.imgur.com/9wLWBTY.png,{},harry sah den schulleiter gleichmütig an,harry blickte den schulleiter gleichmütig an
350,https://i.imgur.com/bgZYmhR.png,{},der alte zauberer fuhr sich mit der hand über die stirn und murmelte das ist wahnsinn,der alte zauberer fuhr sich mit der hand über die stirn und murmelte das ist wahnsinn
351,https://i.imgur.com/zhTiIOG.png,{},irgendwie schaffte es harry sich vom lachen abzuhalten,irgendwie gelang es harry sich das lachen zu verkneifen
353,https://i.imgur.com/gMMndX5.png,{},danke sagte harry höflich,danke sagte harry höflich
354,https://i.imgur.com/DBbKVkv.png,{},ich werde auf jeden fall nach einem so markierten stein ausschau halten,ich werde auf jeden fall nach einem so gekennzeichneten stein ausschau halten
355,https://i.imgur.com/aDHjmcD.png,{},hast du noch andere beweise,haben sie weitere beweise
356,https://i.imgur.com/pR22mpp.png,{},dumbledore schien einen kampf in sich selbst zu kämpfen,dumbledore schien einen kampf mit sich selbst zu führen
358,https://i.imgur.com/pshi8tj.png,{},harry wie hätte voldemort den tod seines körpers überleben können wenn er keine seele hätte,harry wie hätte voldemort den tod seines körpers überleben können wenn er keine seele hatte
360,https://i.imgur.com/ZijprTj.png,{},gute frage sagte harry nach einer internen diskussion darüber wie es weitergehen sollte,gute frage sagte harry nachdem er innerlich darüber nachgedacht hatte wie er weiter vorgehen sollte
362,https://i.imgur.com/FdWuRQc.png,{},oder sowas ähnliches,oder so ähnlich
365,https://i.imgur.com/AN8u0bB.png,{'Quibbler': 'Klitterer'},wenn es ihn überhaupt noch gibt als mehr als klitterer-schlagzeilen,wenn es ihn überhaupt noch gibt wenn er nicht nur als quibbler-schlagzeile existiert
366,https://i.imgur.com/Gv1HBRB.png,{},du täuschst mich nicht harry sagte der alte zauberer sein gesicht sah jetzt uralt aus und war von mehr als jahren faltig,du machst mir nichts vor harry sagte der alte zauberer dessen gesicht nun alt und von mehr als nur jahren gezeichnet war
367,https://i.imgur.com/1VT14Ip.png,{},ich weiß warum sie diese frage wirklich stellen,ich weiß warum sie diese frage wirklich stellen
368,https://i.imgur.com/rRspfdp.png,{},nein ich lese deine gedanken nicht ich muss nicht dein zögern verrät dich,nein ich kann ihre gedanken nicht lesen das muss ich auch nicht ihr zögern verrät sie
369,https://i.imgur.com/HH5JTu7.png,{'Dark Lord': 'Dunkler Lord'},du suchst das geheimnis der unsterblichkeit des dunklen lords um es für dich zu nutzen,du suchst das geheimnis der unsterblichkeit des dunklen lords um es für dich zu nutzen
370,https://i.imgur.com/l3IhKbh.png,{'Dark Lord': 'Dunkler Lord'},falsch ich will das geheimnis der unsterblichkeit des dunklen lords um es für alle zu nutzen,falsch ich will das geheimnis der unsterblichkeit des dunklen lords um es für alle zu nutzen
371,https://i.imgur.com/sENGvig.png,{},ticken knacken fzzzt,tick crackle fzzzt
372,https://i.imgur.com/QQ56prT.png,{},albus percival wulfric brian dumbledore stand einfach nur da und starrte harry mit stumm aufgerissenem mund an,albus percival wulfric brian dumbledore stand einfach nur da und starrte harry mit offenem mund stumm an
374,https://i.imgur.com/AI3KNiS.png,{},und falls es nicht klar war sagte harry mit allen meine ich auch alle muggel nicht nur alle zauberer,und falls es nicht klar war sagte harry mit allen meine ich auch alle muggel nicht nur alle zauberer
375,https://i.imgur.com/Q7C3yy4.png,{},nein sagte der alte zauberer kopfschüttelnd,nein sagte der alte zauberer und schüttelte den kopf
376,https://i.imgur.com/EOCTr2g.png,{},seine stimme erhob sich,seine stimme erhob sich
377,https://i.imgur.com/qd6Ozrh.png,{},nein nein nein das ist wahnsinn,nein nein nein das ist wahnsinn
378,https://i.imgur.com/MiK9aLW.png,{},bwa haha sagte harry,bwa ha ha sagte harry
379,https://i.imgur.com/Z5RjhSS.png,{},das gesicht des alten zauberers war angespannt vor wut und sorge,das gesicht des alten zauberers war angespannt vor wut und sorge
380,https://i.imgur.com/4fEMCO0.png,{},voldemort hat das buch gestohlen aus dem er sein geheimnis entnahm es war nicht da als ich danach suchte,voldemort hat das buch gestohlen aus dem er sein geheimnis entnommen hat es war nicht mehr da als ich danach suchte
382,https://i.imgur.com/YN1QDES.png,{},und es war myrte die arme süße myrte die dafür gestorben ist seine unsterblichkeit erforderte opfer es brauchte mord -,und es war myrtle die arme süße myrtle die dafür starb seine unsterblichkeit erforderte opfer sie erforderte mord -
383,https://i.imgur.com/aNFmkyL.png,{},natürlich werde ich keine methode der unsterblichkeit popularisieren die das töten von menschen erfordert,natürlich werde ich keine unsterblichkeitsmethode propagieren die das töten von menschen erfordert
384,https://i.imgur.com/FfmXEeG.png,{},das würde den ganzen punkt zunichte machen,das würde den sinn des ganzen zunichte machen
385,https://i.imgur.com/BX2DpCz.png,{},es entstand eine erschrockene pause,es gab eine verblüffte pause
386,https://i.imgur.com/3y6vHDt.png,{},langsam entspannte sich das gesicht des alten zauberers aus seiner wut obwohl die sorge immer noch da war,langsam entspannte sich das gesicht des alten zauberers obwohl die sorge noch immer da war
387,https://i.imgur.com/qzSSLIY.png,{},du würdest kein ritual anwenden das menschenopfer erfordert,sie würden kein ritual anwenden das menschenopfer erfordert
389,https://i.imgur.com/k9OeOHy.png,{},derjenige der alle retten will,derjenige der alle retten will
390,https://i.imgur.com/HVCF5lJ.png,{},du bist derjenige der denkt dass der tod großartig ist und jeder sterben sollte,du bist derjenige der denkt dass der tod großartig ist und dass jeder sterben sollte
391,https://i.imgur.com/M6xg87U.png,{},ich bin ratlos harry sagte der alte zauberer,ich bin ratlos harry sagte der alte zauberer
392,https://i.imgur.com/dtWX1Nr.png,{},wieder begannen seine füße durch sein seltsames büro zu stapfen,seine füße stapften wieder durch sein seltsames büro
393,https://i.imgur.com/DtfiKaq.png,{},ich weiß nicht was ich sagen soll,ich weiß nicht was ich sagen soll
394,https://i.imgur.com/5sSaNw2.png,{},er hob eine kristallkugel auf die eine hand in flammen zu halten schien und sah mit trauriger miene hinein,er hob eine kristallkugel auf die eine hand in flammen zu halten schien und schaute mit trauriger miene hinein
395,https://i.imgur.com/JGwBSgS.png,{},nur dass ich von dir sehr missverstanden werde,nur dass ich von ihnen sehr missverstanden werde
396,https://i.imgur.com/Jm9Rmd7.png,{},ich will nicht dass alle sterben harry,ich will nicht dass alle sterben harry
397,https://i.imgur.com/Rxc6FbV.png,{},du willst nur nicht dass jemand unsterblich ist sagte harry mit beträchtlicher ironie,du willst nur nicht dass jemand unsterblich ist sagte harry mit viel ironie
399,https://i.imgur.com/5K7LcVl.png,{},der alte zauberer nickte,der alte zauberer nickte
400,https://i.imgur.com/v6ov0hU.png,{},ich habe weniger angst als ich es war aber ich mache mir immer noch große sorgen um dich harry sagte er leise,ich habe weniger angst als früher aber ich mache mir immer noch große sorgen um dich harry sagte er leise
401,https://i.imgur.com/KvgZ98Y.png,{},seine hand die mit der zeit ein wenig runzlig aber immer noch stark war legte die kristallkugel fest in ihren ständer zurück,seine von der zeit etwas geschwächte aber immer noch kräftige hand legte die kristallkugel fest in ihren ständer zurück
402,https://i.imgur.com/UuDmshp.png,{},denn die angst vor dem tod ist eine bittere sache eine seelenkrankheit durch die die menschen verdreht und entstellt werden,denn die angst vor dem tod ist eine bittere sache eine krankheit der seele die den menschen verdreht und entstellt
404,https://i.imgur.com/PZjUElW.png,{},und du denkst du hast keine angst vor dem tod,und du glaubst du hättest keine angst vor dem tod
405,https://i.imgur.com/z52D4Z7.png,{},sagte harry und versuchte nicht einmal die ungläubigkeit in seiner stimme zu verbergen,sagte harry und versuchte nicht einmal die ungläubigkeit in seiner stimme zu verbergen
406,https://i.imgur.com/CQVjPON.png,{},das gesicht des alten zauberers war friedlich,das gesicht des alten zauberers war friedlich
407,https://i.imgur.com/DUQfDjd.png,{},ich bin nicht perfekt harry aber ich glaube ich habe meinen tod als teil meiner selbst akzeptiert,ich bin nicht perfekt harry aber ich glaube ich habe meinen tod als teil von mir akzeptiert
408,https://i.imgur.com/zpf70DI.png,{},uh huh sagte harry,ja sagte harry
409,https://i.imgur.com/S8hn7Kt.png,{},sehen sie da gibt es dieses kleine ding namens kognitive dissonanz oder in einfacherem englisch saure trauben,sehen sie es gibt da diese kleine sache die man kognitive dissonanz nennt oder einfacher ausgedrückt saure trauben
411,https://i.imgur.com/9GPhMfs.png,{},es macht dich zum beispiel härter oder glücklicher an den tagen an denen du nicht mit einem schlagstock getroffen wirst,zum beispiel macht es dich härter oder es macht dich glücklicher an den tagen an denen du nicht mit einem knüppel geschlagen wirst
414,https://i.imgur.com/Hd1qOeU.png,{},warum sollte irgendjemand irgendeinen gedanken für so dumm halten dass der tod eine gute sache ist,warum also sollte irgendjemand auf den dummen gedanken kommen dass der tod eine gute sache ist
416,https://i.imgur.com/JpinNdH.png,{},nein harry sagte der alte zauberer,nein harry sagte der alte zauberer
418,https://i.imgur.com/jiXUbnU.png,{},obwohl ich verstehen kann wie sie so denken müssen,obwohl ich verstehen kann dass sie so denken
419,https://i.imgur.com/Tzy15xL.png,{'Wizard': 'Zauberer'},möchtest du den dunklen zauberer verstehen,willst du den dunklen zauberer verstehen
420,https://i.imgur.com/tA2km83.png,{},sagte harry seine stimme jetzt hart und grimmig,sagte harry seine stimme war nun hart und grimmig
422,https://i.imgur.com/op5Gb7H.png,{},du hast das schrecklichste aller bel genommen und es gut genannt,du hast das schlimmste aller bel genommen und es gut genannt
423,https://i.imgur.com/dqXhtWN.png,{},mit nur einer kleinen drehung würde derselbe teil von dir unschuldige ermorden und es freundschaft nennen,mit einer leichten drehung würde derselbe teil von dir unschuldige ermorden und es freundschaft nennen
424,https://i.imgur.com/7vPaPss.png,{},wenn du den tod besser nennen kannst als das leben dann kannst du deinen moralischen kompass verdrehen um irgendwohin zu zeigen,wenn man den tod besser als das leben nennen kann dann kann man seinen moralischen kompass so verdrehen dass er überall hinzeigt -
426,https://i.imgur.com/Vnni1Uv.png,{},es wurde in vollkommenem ernst und ohne anklage gesagt,es wurde in vollkommener ernsthaftigkeit und ohne vorwürfe gesagt
427,https://i.imgur.com/craG6ea.png,{},aber ihr verständnis für mich fürchte ich fehlt schmerzlich,aber ich fürchte ihr verständnis für mich ist sehr gering
428,https://i.imgur.com/tTnRVQi.png,{},der alte zauberer lächelte jetzt und in seiner stimme lag ein sanftes lachen,der alte zauberer lächelte jetzt und in seiner stimme lag ein leises lachen
431,https://i.imgur.com/NwGWsDb.png,{},ein verwirrter ausdruck huschte über das gesicht des alten zauberers,ein verwunderter blick ging über das gesicht des alten zauberers
432,https://i.imgur.com/7xj8fjP.png,{},was meinen sie,was meinst du
434,https://i.imgur.com/Rzm9Hl8.png,{},du bist so alt und weise du merkst gar nicht was ich sage nicht verstehen beachten,du bist so alt und weise dass du nicht einmal etwas von dem was ich sage mitbekommst nicht verstehen merken
435,https://i.imgur.com/duRLStQ.png,{},ich habe auf dich gehört harry sagte dumbledore und sah jetzt ernster aus aber zuzuhören ist nicht immer zustimmen,ich habe dir zugehört harry sagte dumbledore und sah nun ernster aus aber zuhören heißt nicht immer zustimmen
436,https://i.imgur.com/SCItZfK.png,{},abgesehen von meinungsverschiedenheiten was denkst du dass ich es nicht verstehe,abgesehen von den meinungsverschiedenheiten was ist es von dem sie glauben dass ich es nicht verstehe
438,https://i.imgur.com/MhoOkFF.png,{},harry hielt sich kaum kaum davon ab es laut auszusprechen,harry konnte sich gerade noch zurückhalten es laut auszusprechen
439,https://i.imgur.com/hKoLTC9.png,{},in ordnung sagte harry kalt,in ordnung sagte harry kalt
440,https://i.imgur.com/u97nWa5.png,{},dann beantworte ich deine ursprüngliche frage,dann werde ich ihre ursprüngliche frage beantworten
441,https://i.imgur.com/SJ3HVJG.png,{},du hast gefragt warum dark wizards angst vor dem tod haben,du hast gefragt warum die dunklen zauberer angst vor dem tod haben
442,https://i.imgur.com/SKAiOnL.png,{},tu so als würdest du wirklich an seelen glauben schulleiter,tun sie so herr direktor als würden sie wirklich an seelen glauben
444,https://i.imgur.com/d3KdxVr.png,{},können sie sich vorstellen eine seele zu zerstören,können sie sich nun vorstellen eine seele zu zerstören
445,https://i.imgur.com/vbu7kqE.png,{},in fetzen reißen damit für das nächste große abenteuer nichts mehr übrig bleibt,es in stücke reißen damit nichts mehr übrig bleibt um das nächste große abenteuer zu erleben
447,https://i.imgur.com/Fk3EL47.png,{},denn das ist der tod wirklich - die vernichtung einer seele,denn das ist es was der tod wirklich ist - die auslöschung einer seele
448,https://i.imgur.com/L3hCvOR.png,{},der alte zauberer starrte ihn mit einem traurigen ausdruck in seinen augen an,der alte zauberer starrte ihn an mit einem traurigen blick in den augen
449,https://i.imgur.com/hGfJWwv.png,{},ich nehme an ich verstehe es jetzt sagte er leise,ich glaube ich verstehe jetzt sagte er leise
450,https://i.imgur.com/AXc0scn.png,{},oh sagte harry was verstehen,oh sagte harry was verstehen
451,https://i.imgur.com/nMdB3Ee.png,{},voldemort sagte der alte zauberer,voldemort sagte der alte zauberer
452,https://i.imgur.com/Uk6GUU5.png,{},jetzt verstehe ich ihn endlich,ich verstehe ihn jetzt endlich
454,https://i.imgur.com/2exS3fO.png,{},ich habe dich gefragt warum er ein monster geworden ist und du konntest keinen grund nennen,ich habe sie gefragt warum er ein monster geworden ist und sie konnten keinen grund nennen
455,https://i.imgur.com/if44bDx.png,{},und wenn ich ihn fragen könnte würde seine antwort wohl lauten warum nicht,und wenn ich ihn fragen könnte würde seine antwort wohl lauten warum nicht
457,https://i.imgur.com/Xd0plD5.png,{},sag mir harry sagte der alte zauberer wirst du ein monster werden,sag mal harry sagte der alte zauberer willst du ein monster werden
458,https://i.imgur.com/9mU3gNs.png,{},nein sagte der junge mit eiserner gewissheit in seiner stimme,nein sagte der junge mit eiserner gewissheit in seiner stimme
459,https://i.imgur.com/y1Pal3J.png,{},warum nicht sagte der alte zauberer,warum nicht sagte der alte zauberer
461,https://i.imgur.com/8Cl9cyN.png,{},das universum ist weder böse noch gut es ist ihm einfach egal,das universum ist weder böse noch gut es ist ihm einfach egal
462,https://i.imgur.com/ulGO0Ue.png,{},die sterne interessieren sich nicht oder die sonne oder der himmel,den sternen ist das egal der sonne und dem himmel auch
463,https://i.imgur.com/m3GkVS7.png,{},aber sie müssen nicht wir kümmern uns,aber das müssen sie nicht wir kümmern uns
464,https://i.imgur.com/uqVb6fm.png,{},es gibt licht in der welt und wir sind es,es gibt licht in der welt und das sind wir
465,https://i.imgur.com/cNT0Uio.png,{},ich frage mich was aus dir wird harry sagte der alte zauberer,ich frage mich was aus dir werden soll harry sagte der alte zauberer
466,https://i.imgur.com/N3vlq6K.png,{},seine stimme war sanft mit einem seltsamen staunen und bedauern darin,seine stimme war sanft mit einem seltsamen staunen und bedauern darin
467,https://i.imgur.com/7DXQUHa.png,{},es ist genug um mich dazu zu bringen zu leben nur um es zu sehen,es ist genug dass ich mir wünsche zu leben nur um es zu sehen
468,https://i.imgur.com/GvMG6z4.png,{},der junge verneigte sich mit schwerer ironie vor ihm und ging und die eichentür knallte mit einem dumpfen schlag hinter ihm zu,der junge verbeugte sich mit schwerer ironie vor ihm und ging und die eichentür schlug mit einem dumpfen knall hinter ihm zu
