num,image_url
257,https://i.imgur.com/ZA1vS1a.png
269,https://i.imgur.com/88wvAQ2.png
282,https://i.imgur.com/jvarx75.png
284,https://i.imgur.com/x754Bb0.png
297,https://i.imgur.com/PLi3CYn.png
305,https://i.imgur.com/LmaHfBF.png
309,https://i.imgur.com/lwnWk8R.png
316,https://i.imgur.com/c8Tab70.png
327,https://i.imgur.com/AS2zqdx.png
332,https://i.imgur.com/PIvdTJG.png
337,https://i.imgur.com/SDTLiIs.png
363,https://i.imgur.com/L5ipFU3.png
369,https://i.imgur.com/HH5JTu7.png
370,https://i.imgur.com/l3IhKbh.png
383,https://i.imgur.com/aNFmkyL.png
391,https://i.imgur.com/M6xg87U.png
400,https://i.imgur.com/v6ov0hU.png
402,https://i.imgur.com/UuDmshp.png
406,https://i.imgur.com/CQVjPON.png
409,https://i.imgur.com/S8hn7Kt.png
411,https://i.imgur.com/9GPhMfs.png
414,https://i.imgur.com/Hd1qOeU.png
420,https://i.imgur.com/tA2km83.png
422,https://i.imgur.com/op5Gb7H.png
424,https://i.imgur.com/7vPaPss.png
428,https://i.imgur.com/tTnRVQi.png
434,https://i.imgur.com/Rzm9Hl8.png
447,https://i.imgur.com/Fk3EL47.png
459,https://i.imgur.com/y1Pal3J.png